postcode,locality,sla_code,sla_desc,lga_code,lga_desc,state
3000,Victoria Dock,24605,Melbourne (C) - Sbank-Dlands,24600,Melbourne (C),Victoria
3000,Melbourne,24601,Melbourne (C) - Inner,24600,Melbourne (C),Victoria
3002,Melbourne,24608,Melbourne (C) - Remainder,24600,Melbourne (C),Victoria
3002,Sinclair,24608,Melbourne (C) - Remainder,24600,Melbourne (C),Victoria
3002,East Melbourne,24608,Melbourne (C) - Remainder,24600,Melbourne (C),Victoria
3002,Melbourne East,24608,Melbourne (C) - Remainder,24600,Melbourne (C),Victoria
3002,Parliament House Melbo,24608,Melbourne (C) - Remainder,24600,Melbourne (C),Victoria
3002,E Melbourne,24608,Melbourne (C) - Remainder,24600,Melbourne (C),Victoria
3002,E.Melbourne,24608,Melbourne (C) - Remainder,24600,Melbourne (C),Victoria
3002,Jolimont,24608,Melbourne (C) - Remainder,24600,Melbourne (C),Victoria
3003,Melbourne,24608,Melbourne (C) - Remainder,24600,Melbourne (C),Victoria
3003,Melbourne West,24608,Melbourne (C) - Remainder,24600,Melbourne (C),Victoria
3003,W Melbourne,24608,Melbourne (C) - Remainder,24600,Melbourne (C),Victoria
3003,West Melbourne,24608,Melbourne (C) - Remainder,24600,Melbourne (C),Victoria
3003,W.Melbourne,24608,Melbourne (C) - Remainder,24600,Melbourne (C),Victoria
3004,St. Kilda Road Central,25902,Port Phillip (C) - West,25900,Port Phillip (C),Victoria
3004,St.Kilda Road Central,25902,Port Phillip (C) - West,25900,Port Phillip (C),Victoria
3004,St Kilda Road Melbourn,25902,Port Phillip (C) - West,25900,Port Phillip (C),Victoria
3004,Saint Kilda Road,25902,Port Phillip (C) - West,25900,Port Phillip (C),Victoria
3004,St.Kilda Road,25902,Port Phillip (C) - West,25900,Port Phillip (C),Victoria
3004,St Kilda Road Melbourne,25902,Port Phillip (C) - West,25900,Port Phillip (C),Victoria
3004,St. Kilda Road Melbour,25902,Port Phillip (C) - West,25900,Port Phillip (C),Victoria
3004,St Kilda Road,25902,Port Phillip (C) - West,25900,Port Phillip (C),Victoria
3004,Albert Park Barracks,25902,Port Phillip (C) - West,25900,Port Phillip (C),Victoria
3004,Queens Road Melbourne,25902,Port Phillip (C) - West,25900,Port Phillip (C),Victoria
3004,Melbourne,24601,Melbourne (C) - Inner,24600,Melbourne (C),Victoria
3004,St. Kilda Road,25902,Port Phillip (C) - West,25900,Port Phillip (C),Victoria
3004,St.Kilda Road Melbourn,25902,Port Phillip (C) - West,25900,Port Phillip (C),Victoria
3004,St Kilda Road Central,25902,Port Phillip (C) - West,25900,Port Phillip (C),Victoria
3005,World Trade Centre,24605,Melbourne (C) - Sbank-Dlands,24600,Melbourne (C),Victoria
3005,Docklands,24605,Melbourne (C) - Sbank-Dlands,24600,Melbourne (C),Victoria
3006,Southbank,24605,Melbourne (C) - Sbank-Dlands,24600,Melbourne (C),Victoria
3006,South Bank,24605,Melbourne (C) - Sbank-Dlands,24600,Melbourne (C),Victoria
3006,South Wharf,24605,Melbourne (C) - Sbank-Dlands,24600,Melbourne (C),Victoria
3008,Docklands,24605,Melbourne (C) - Sbank-Dlands,24600,Melbourne (C),Victoria
3010,University Of Melbourn,24608,Melbourne (C) - Remainder,24600,Melbourne (C),Victoria
3010,Parkville,24608,Melbourne (C) - Remainder,24600,Melbourne (C),Victoria
3011,Coode Island,24608,Melbourne (C) - Remainder,24600,Melbourne (C),Victoria
3011,West Seddon,24330,Maribyrnong (C),24330,Maribyrnong (C),Victoria
3011,Seddon West,24330,Maribyrnong (C),24330,Maribyrnong (C),Victoria
3011,Footscray,24330,Maribyrnong (C),24330,Maribyrnong (C),Victoria
3011,Seddon,24330,Maribyrnong (C),24330,Maribyrnong (C),Victoria
3011,Middle Footscray,24330,Maribyrnong (C),24330,Maribyrnong (C),Victoria
3012,Maidstone North,24330,Maribyrnong (C),24330,Maribyrnong (C),Victoria
3012,Tottenham Raaf,24330,Maribyrnong (C),24330,Maribyrnong (C),Victoria
3012,West Kingsville,24330,Maribyrnong (C),24330,Maribyrnong (C),Victoria
3012,Nth Maidstone,24330,Maribyrnong (C),24330,Maribyrnong (C),Victoria
3012,Maidstone Nth,24330,Maribyrnong (C),24330,Maribyrnong (C),Victoria
3012,North Maidstone,24330,Maribyrnong (C),24330,Maribyrnong (C),Victoria
3012,Brooklea,24330,Maribyrnong (C),24330,Maribyrnong (C),Victoria
3012,Footscray West,24330,Maribyrnong (C),24330,Maribyrnong (C),Victoria
3012,W Footscray,24330,Maribyrnong (C),24330,Maribyrnong (C),Victoria
3012,West Footscray,24330,Maribyrnong (C),24330,Maribyrnong (C),Victoria
3012,Kingsville West,24330,Maribyrnong (C),24330,Maribyrnong (C),Victoria
3012,Tottenham,24330,Maribyrnong (C),24330,Maribyrnong (C),Victoria
3012,Maidstone,24330,Maribyrnong (C),24330,Maribyrnong (C),Victoria
3012,Brooklyn Park,23111,Hobsons Bay (C) - Altona,23110,Hobsons Bay (C),Victoria
3012,Brooklyn,23111,Hobsons Bay (C) - Altona,23110,Hobsons Bay (C),Victoria
3012,Kingsville,24330,Maribyrnong (C),24330,Maribyrnong (C),Victoria
3012,W.Footscray,24330,Maribyrnong (C),24330,Maribyrnong (C),Victoria
3013,Kingsville West,24330,Maribyrnong (C),24330,Maribyrnong (C),Victoria
3013,Yarraville West,24330,Maribyrnong (C),24330,Maribyrnong (C),Victoria
3013,West Yarraville,24330,Maribyrnong (C),24330,Maribyrnong (C),Victoria
3013,W.Yarraville,24330,Maribyrnong (C),24330,Maribyrnong (C),Victoria
3013,West Kingsville,24330,Maribyrnong (C),24330,Maribyrnong (C),Victoria
3013,Yarraville,24330,Maribyrnong (C),24330,Maribyrnong (C),Victoria
3015,S Kingsville,23112,Hobsons Bay (C) - Williamstown,23110,Hobsons Bay (C),Victoria
3015,South Kingsville,23112,Hobsons Bay (C) - Williamstown,23110,Hobsons Bay (C),Victoria
3015,Newport,23112,Hobsons Bay (C) - Williamstown,23110,Hobsons Bay (C),Victoria
3015,Kingsville South,23112,Hobsons Bay (C) - Williamstown,23110,Hobsons Bay (C),Victoria
3015,West Newport,23112,Hobsons Bay (C) - Williamstown,23110,Hobsons Bay (C),Victoria
3015,Sth.Kingsville,23112,Hobsons Bay (C) - Williamstown,23110,Hobsons Bay (C),Victoria
3015,Spotswood,23112,Hobsons Bay (C) - Williamstown,23110,Hobsons Bay (C),Victoria
3015,Sth Kingsville,23112,Hobsons Bay (C) - Williamstown,23110,Hobsons Bay (C),Victoria
3015,Newport West,23112,Hobsons Bay (C) - Williamstown,23110,Hobsons Bay (C),Victoria
3015,Wembly,24330,Maribyrnong (C),24330,Maribyrnong (C),Victoria
3015,Kingsville Sth,23112,Hobsons Bay (C) - Williamstown,23110,Hobsons Bay (C),Victoria
3016,Nth.Williamstown,23112,Hobsons Bay (C) - Williamstown,23110,Hobsons Bay (C),Victoria
3016,Williamstown Central,23112,Hobsons Bay (C) - Williamstown,23110,Hobsons Bay (C),Victoria
3016,Williamstown North,23112,Hobsons Bay (C) - Williamstown,23110,Hobsons Bay (C),Victoria
3016,North Williamstown,23112,Hobsons Bay (C) - Williamstown,23110,Hobsons Bay (C),Victoria
3016,Williamstown,23112,Hobsons Bay (C) - Williamstown,23110,Hobsons Bay (C),Victoria
3016,Nth Williamstown,23112,Hobsons Bay (C) - Williamstown,23110,Hobsons Bay (C),Victoria
3016,Williamstown Nth,23112,Hobsons Bay (C) - Williamstown,23110,Hobsons Bay (C),Victoria
3016,N.Williamstown,23112,Hobsons Bay (C) - Williamstown,23110,Hobsons Bay (C),Victoria
3016,Williamstown Beach,23112,Hobsons Bay (C) - Williamstown,23110,Hobsons Bay (C),Victoria
3018,Altona West,23111,Hobsons Bay (C) - Altona,23110,Hobsons Bay (C),Victoria
3018,Seaholme,23111,Hobsons Bay (C) - Altona,23110,Hobsons Bay (C),Victoria
3018,Altona Beach,23111,Hobsons Bay (C) - Altona,23110,Hobsons Bay (C),Victoria
3018,West Altona,23111,Hobsons Bay (C) - Altona,23110,Hobsons Bay (C),Victoria
3018,Altona,23111,Hobsons Bay (C) - Altona,23110,Hobsons Bay (C),Victoria
3018,Altona South,23111,Hobsons Bay (C) - Altona,23110,Hobsons Bay (C),Victoria
3019,Braybrook North,24330,Maribyrnong (C),24330,Maribyrnong (C),Victoria
3019,Braybrook Nth,24330,Maribyrnong (C),24330,Maribyrnong (C),Victoria
3019,Robinson,24330,Maribyrnong (C),24330,Maribyrnong (C),Victoria
3019,Braybrook,24330,Maribyrnong (C),24330,Maribyrnong (C),Victoria
3019,Tottenham Central,24330,Maribyrnong (C),24330,Maribyrnong (C),Victoria
3020,Glengala,21182,Brimbank (C) - Sunshine,21180,Brimbank (C),Victoria
3020,Sunshine Sth,21182,Brimbank (C) - Sunshine,21180,Brimbank (C),Victoria
3020,Nth Sunshine,21182,Brimbank (C) - Sunshine,21180,Brimbank (C),Victoria
3020,Sunshine East,21182,Brimbank (C) - Sunshine,21180,Brimbank (C),Victoria
3020,Nth.Sunshine,21182,Brimbank (C) - Sunshine,21180,Brimbank (C),Victoria
3020,Sunshine,21182,Brimbank (C) - Sunshine,21180,Brimbank (C),Victoria
3020,Sunshine South,21182,Brimbank (C) - Sunshine,21180,Brimbank (C),Victoria
3020,Sunshine West,21182,Brimbank (C) - Sunshine,21180,Brimbank (C),Victoria
3020,Sunshine Heights,21182,Brimbank (C) - Sunshine,21180,Brimbank (C),Victoria
3020,Sunshine North,21182,Brimbank (C) - Sunshine,21180,Brimbank (C),Victoria
3020,W.Sunshine,21182,Brimbank (C) - Sunshine,21180,Brimbank (C),Victoria
3020,N.Sunshine,21182,Brimbank (C) - Sunshine,21180,Brimbank (C),Victoria
3020,West Sunshine,21182,Brimbank (C) - Sunshine,21180,Brimbank (C),Victoria
3020,Sth Sunshine,21182,Brimbank (C) - Sunshine,21180,Brimbank (C),Victoria
3020,South Sunshine,21182,Brimbank (C) - Sunshine,21180,Brimbank (C),Victoria
3020,North Sunshine,21182,Brimbank (C) - Sunshine,21180,Brimbank (C),Victoria
3020,Albion,21182,Brimbank (C) - Sunshine,21180,Brimbank (C),Victoria
3020,Sunshine Nth,21182,Brimbank (C) - Sunshine,21180,Brimbank (C),Victoria
3021,St Albans South,21182,Brimbank (C) - Sunshine,21180,Brimbank (C),Victoria
3021,S.St Albans,21182,Brimbank (C) - Sunshine,21180,Brimbank (C),Victoria
3021,St. Albans South,21182,Brimbank (C) - Sunshine,21180,Brimbank (C),Victoria
3021,E.St Albans,21181,Brimbank (C) - Keilor,21180,Brimbank (C),Victoria
3021,St.Albans East,21181,Brimbank (C) - Keilor,21180,Brimbank (C),Victoria
3021,St.Albans South,21182,Brimbank (C) - Sunshine,21180,Brimbank (C),Victoria
3021,Kings Park,21181,Brimbank (C) - Keilor,21180,Brimbank (C),Victoria
3021,St Albans Sth,21182,Brimbank (C) - Sunshine,21180,Brimbank (C),Victoria
3021,Saint Albans,21181,Brimbank (C) - Keilor,21180,Brimbank (C),Victoria
3021,St. Albans,21181,Brimbank (C) - Keilor,21180,Brimbank (C),Victoria
3021,St Albans,21181,Brimbank (C) - Keilor,21180,Brimbank (C),Victoria
3021,St. Albans East,21181,Brimbank (C) - Keilor,21180,Brimbank (C),Victoria
3021,Saint Albans East,21181,Brimbank (C) - Keilor,21180,Brimbank (C),Victoria
3021,St Albans East,21181,Brimbank (C) - Keilor,21180,Brimbank (C),Victoria
3021,Sunshine Gardens,21182,Brimbank (C) - Sunshine,21180,Brimbank (C),Victoria
3021,East St Albans,21181,Brimbank (C) - Keilor,21180,Brimbank (C),Victoria
3021,St.Albans,21181,Brimbank (C) - Keilor,21180,Brimbank (C),Victoria
3021,Kealba,21181,Brimbank (C) - Keilor,21180,Brimbank (C),Victoria
3021,Sth.St.Albans,21182,Brimbank (C) - Sunshine,21180,Brimbank (C),Victoria
3021,S.St. Albans,21182,Brimbank (C) - Sunshine,21180,Brimbank (C),Victoria
3021,East St.Albans,21181,Brimbank (C) - Keilor,21180,Brimbank (C),Victoria
3021,East St. Albans,21181,Brimbank (C) - Keilor,21180,Brimbank (C),Victoria
3021,Albanvale,21182,Brimbank (C) - Sunshine,21180,Brimbank (C),Victoria
3022,East Deer Park,21182,Brimbank (C) - Sunshine,21180,Brimbank (C),Victoria
3022,Deer Park East,21182,Brimbank (C) - Sunshine,21180,Brimbank (C),Victoria
3022,Ardeer,21182,Brimbank (C) - Sunshine,21180,Brimbank (C),Victoria
3023,Deer Park North,21182,Brimbank (C) - Sunshine,21180,Brimbank (C),Victoria
3023,Deer Park,21182,Brimbank (C) - Sunshine,21180,Brimbank (C),Victoria
3023,Ravenhall,24651,Melton (S) - East,24650,Melton (S),Victoria
3023,Caroline Springs,24651,Melton (S) - East,24650,Melton (S),Victoria
3023,Burnside Heights,24651,Melton (S) - East,24650,Melton (S),Victoria
3023,Burnside,24651,Melton (S) - East,24650,Melton (S),Victoria
3023,Deer Park Nth,21182,Brimbank (C) - Sunshine,21180,Brimbank (C),Victoria
3023,North Deer Park,21182,Brimbank (C) - Sunshine,21180,Brimbank (C),Victoria
3023,Cairnlea,21182,Brimbank (C) - Sunshine,21180,Brimbank (C),Victoria
3024,Mt Cottrell,24654,Melton (S) Bal,24650,Melton (S),Victoria
3024,Mount Cottrell,24654,Melton (S) Bal,24650,Melton (S),Victoria
3024,Manor Lakes,27267,Wyndham (C) - West,27260,Wyndham (C),Victoria
3024,Wyndhamvale,27267,Wyndham (C) - West,27260,Wyndham (C),Victoria
3024,Mambourin,27267,Wyndham (C) - West,27260,Wyndham (C),Victoria
3024,Wyndham Green,27267,Wyndham (C) - West,27260,Wyndham (C),Victoria
3024,Wyndham Vale,27267,Wyndham (C) - West,27260,Wyndham (C),Victoria
3024,Chartwell,24654,Melton (S) Bal,24650,Melton (S),Victoria
3024,Mt.Cottrell,24654,Melton (S) Bal,24650,Melton (S),Victoria
3024,Mt. Cottrell,24654,Melton (S) Bal,24650,Melton (S),Victoria
3024,Fieldstone,24654,Melton (S) Bal,24650,Melton (S),Victoria
3025,East Altona,23111,Hobsons Bay (C) - Altona,23110,Hobsons Bay (C),Victoria
3025,N.Altona,23111,Hobsons Bay (C) - Altona,23110,Hobsons Bay (C),Victoria
3025,Nth.Altona,23111,Hobsons Bay (C) - Altona,23110,Hobsons Bay (C),Victoria
3025,Paisley,23111,Hobsons Bay (C) - Altona,23110,Hobsons Bay (C),Victoria
3025,Paisley Park,23111,Hobsons Bay (C) - Altona,23110,Hobsons Bay (C),Victoria
3025,Altona North,23111,Hobsons Bay (C) - Altona,23110,Hobsons Bay (C),Victoria
3025,Brooklyn,23111,Hobsons Bay (C) - Altona,23110,Hobsons Bay (C),Victoria
3025,Altona Gate,23111,Hobsons Bay (C) - Altona,23110,Hobsons Bay (C),Victoria
3025,Altona Nth,23111,Hobsons Bay (C) - Altona,23110,Hobsons Bay (C),Victoria
3025,Altona East,23111,Hobsons Bay (C) - Altona,23110,Hobsons Bay (C),Victoria
3025,Nth Altona,23111,Hobsons Bay (C) - Altona,23110,Hobsons Bay (C),Victoria
3025,North Altona,23111,Hobsons Bay (C) - Altona,23110,Hobsons Bay (C),Victoria
3026,Laverton Nth,27261,Wyndham (C) - North,27260,Wyndham (C),Victoria
3026,Nth.Laverton,27261,Wyndham (C) - North,27260,Wyndham (C),Victoria
3026,North Laverton,27261,Wyndham (C) - North,27260,Wyndham (C),Victoria
3026,Laverton North,27261,Wyndham (C) - North,27260,Wyndham (C),Victoria
3026,Derrimut,21182,Brimbank (C) - Sunshine,21180,Brimbank (C),Victoria
3027,Laverton,27261,Wyndham (C) - North,27260,Wyndham (C),Victoria
3027,Laverton Raaf,27261,Wyndham (C) - North,27260,Wyndham (C),Victoria
3027,Williams Landing,27261,Wyndham (C) - North,27260,Wyndham (C),Victoria
3027,Williams Raaf,27261,Wyndham (C) - North,27260,Wyndham (C),Victoria
3028,South Laverton,23111,Hobsons Bay (C) - Altona,23110,Hobsons Bay (C),Victoria
3028,Sth Laverton,23111,Hobsons Bay (C) - Altona,23110,Hobsons Bay (C),Victoria
3028,Laverton Sth,23111,Hobsons Bay (C) - Altona,23110,Hobsons Bay (C),Victoria
3028,Laverton,23111,Hobsons Bay (C) - Altona,23110,Hobsons Bay (C),Victoria
3028,Altona Meadows,23111,Hobsons Bay (C) - Altona,23110,Hobsons Bay (C),Victoria
3028,Altona Green,23111,Hobsons Bay (C) - Altona,23110,Hobsons Bay (C),Victoria
3028,Laverton South,23111,Hobsons Bay (C) - Altona,23110,Hobsons Bay (C),Victoria
3028,Aircraft,27261,Wyndham (C) - North,27260,Wyndham (C),Victoria
3028,Seabrook,23111,Hobsons Bay (C) - Altona,23110,Hobsons Bay (C),Victoria
3028,Western Gardens,23111,Hobsons Bay (C) - Altona,23110,Hobsons Bay (C),Victoria
3028,Altona Bay,23111,Hobsons Bay (C) - Altona,23110,Hobsons Bay (C),Victoria
3029,Truganina,27261,Wyndham (C) - North,27260,Wyndham (C),Victoria
3029,Tarneit,27261,Wyndham (C) - North,27260,Wyndham (C),Victoria
3029,Hoppers Crossing,27261,Wyndham (C) - North,27260,Wyndham (C),Victoria
3030,Chartwell,24654,Melton (S) Bal,24650,Melton (S),Victoria
3030,Werribee,27261,Wyndham (C) - North,27260,Wyndham (C),Victoria
3030,Werribee East,27261,Wyndham (C) - North,27260,Wyndham (C),Victoria
3030,Point Cook Raaf,27264,Wyndham (C) - South,27260,Wyndham (C),Victoria
3030,Sanctuary Lakes,27264,Wyndham (C) - South,27260,Wyndham (C),Victoria
3030,Werribee South,27264,Wyndham (C) - South,27260,Wyndham (C),Victoria
3030,Pt Cook,27264,Wyndham (C) - South,27260,Wyndham (C),Victoria
3030,Point Cook,27264,Wyndham (C) - South,27260,Wyndham (C),Victoria
3030,South Werribee,27264,Wyndham (C) - South,27260,Wyndham (C),Victoria
3030,Manor,27267,Wyndham (C) - West,27260,Wyndham (C),Victoria
3030,Quandong,27267,Wyndham (C) - West,27260,Wyndham (C),Victoria
3030,Werribee Sth,27264,Wyndham (C) - South,27260,Wyndham (C),Victoria
3030,Sth Werribee,27264,Wyndham (C) - South,27260,Wyndham (C),Victoria
3030,Pt.Cook,27264,Wyndham (C) - South,27260,Wyndham (C),Victoria
3030,Pt. Cook,27264,Wyndham (C) - South,27260,Wyndham (C),Victoria
3030,Sth.Werribee,27264,Wyndham (C) - South,27260,Wyndham (C),Victoria
3030,Diggers Road,27264,Wyndham (C) - South,27260,Wyndham (C),Victoria
3030,S.Werribee,27264,Wyndham (C) - South,27260,Wyndham (C),Victoria
3030,Derrimut,21182,Brimbank (C) - Sunshine,21180,Brimbank (C),Victoria
3030,Cocoroc,27264,Wyndham (C) - South,27260,Wyndham (C),Victoria
3031,Sth.Kensington,24608,Melbourne (C) - Remainder,24600,Melbourne (C),Victoria
3031,Newmarket,25063,Moonee Valley (C) - Essendon,25060,Moonee Valley (C),Victoria
3031,Kensington Sth,24608,Melbourne (C) - Remainder,24600,Melbourne (C),Victoria
3031,Debney Park,25063,Moonee Valley (C) - Essendon,25060,Moonee Valley (C),Victoria
3031,Flemington,25063,Moonee Valley (C) - Essendon,25060,Moonee Valley (C),Victoria
3031,Kensington,24608,Melbourne (C) - Remainder,24600,Melbourne (C),Victoria
3031,Kensington Banks,24608,Melbourne (C) - Remainder,24600,Melbourne (C),Victoria
3031,Sth Kensington,24608,Melbourne (C) - Remainder,24600,Melbourne (C),Victoria
3031,Flemington Racecourse,24608,Melbourne (C) - Remainder,24600,Melbourne (C),Victoria
3031,South Kensington,24608,Melbourne (C) - Remainder,24600,Melbourne (C),Victoria
3031,Kensington South,24608,Melbourne (C) - Remainder,24600,Melbourne (C),Victoria
3032,Ascot Vale,25063,Moonee Valley (C) - Essendon,25060,Moonee Valley (C),Victoria
3032,Travancore,25063,Moonee Valley (C) - Essendon,25060,Moonee Valley (C),Victoria
3032,Ascot Vale Central,25063,Moonee Valley (C) - Essendon,25060,Moonee Valley (C),Victoria
3032,Highpoint City,24330,Maribyrnong (C),24330,Maribyrnong (C),Victoria
3032,Highpoint West,24330,Maribyrnong (C),24330,Maribyrnong (C),Victoria
3032,Maribyrnong,24330,Maribyrnong (C),24330,Maribyrnong (C),Victoria
3032,West Highpoint,24330,Maribyrnong (C),24330,Maribyrnong (C),Victoria
3032,Ascot Vale West,25063,Moonee Valley (C) - Essendon,25060,Moonee Valley (C),Victoria
3032,Waterford Green,24330,Maribyrnong (C),24330,Maribyrnong (C),Victoria
3033,Lincolnville,25065,Moonee Valley (C) - West,25060,Moonee Valley (C),Victoria
3033,E.Keilor,25065,Moonee Valley (C) - West,25060,Moonee Valley (C),Victoria
3033,Keilor East,25065,Moonee Valley (C) - West,25060,Moonee Valley (C),Victoria
3033,East Keilor,25065,Moonee Valley (C) - West,25060,Moonee Valley (C),Victoria
3033,Brimbank Park,21181,Brimbank (C) - Keilor,21180,Brimbank (C),Victoria
3034,Avondale Heights,25065,Moonee Valley (C) - West,25060,Moonee Valley (C),Victoria
3036,North Keilor,21181,Brimbank (C) - Keilor,21180,Brimbank (C),Victoria
3036,Keilor South,21181,Brimbank (C) - Keilor,21180,Brimbank (C),Victoria
3036,Nth.Keilor,21181,Brimbank (C) - Keilor,21180,Brimbank (C),Victoria
3036,Keilor,21181,Brimbank (C) - Keilor,21180,Brimbank (C),Victoria
3036,Keilor North,21181,Brimbank (C) - Keilor,21180,Brimbank (C),Victoria
3036,Keilor Park,21181,Brimbank (C) - Keilor,21180,Brimbank (C),Victoria
3036,Arundel,21181,Brimbank (C) - Keilor,21180,Brimbank (C),Victoria
3036,Keilor Nth,21181,Brimbank (C) - Keilor,21180,Brimbank (C),Victoria
3037,Hillside,24651,Melton (S) - East,24650,Melton (S),Victoria
3037,Calder Park,21181,Brimbank (C) - Keilor,21180,Brimbank (C),Victoria
3037,Delahey,21181,Brimbank (C) - Keilor,21180,Brimbank (C),Victoria
3037,Sydenham,21181,Brimbank (C) - Keilor,21180,Brimbank (C),Victoria
3037,Taylors Hill,24651,Melton (S) - East,24650,Melton (S),Victoria
3038,Taylors Lakes,21181,Brimbank (C) - Keilor,21180,Brimbank (C),Victoria
3038,Keilor,21181,Brimbank (C) - Keilor,21180,Brimbank (C),Victoria
3038,Melton East,24651,Melton (S) - East,24650,Melton (S),Victoria
3038,Kealba Views,21181,Brimbank (C) - Keilor,21180,Brimbank (C),Victoria
3038,Robertson,21181,Brimbank (C) - Keilor,21180,Brimbank (C),Victoria
3038,Keilor Lodge,21181,Brimbank (C) - Keilor,21180,Brimbank (C),Victoria
3038,Keilor Downs,21181,Brimbank (C) - Keilor,21180,Brimbank (C),Victoria
3038,Kealba Park,21181,Brimbank (C) - Keilor,21180,Brimbank (C),Victoria
3038,Watergardens,21181,Brimbank (C) - Keilor,21180,Brimbank (C),Victoria
3038,Alban Meadows,21181,Brimbank (C) - Keilor,21180,Brimbank (C),Victoria
3039,Moonee Ponds North,25063,Moonee Valley (C) - Essendon,25060,Moonee Valley (C),Victoria
3039,Moonee Ponds,25063,Moonee Valley (C) - Essendon,25060,Moonee Valley (C),Victoria
3039,Moonee Vale,25063,Moonee Valley (C) - Essendon,25060,Moonee Valley (C),Victoria
3040,W.Essendon,25063,Moonee Valley (C) - Essendon,25060,Moonee Valley (C),Victoria
3040,West Essendon,25065,Moonee Valley (C) - West,25060,Moonee Valley (C),Victoria
3040,Essendon West,25065,Moonee Valley (C) - West,25060,Moonee Valley (C),Victoria
3040,North Essendon,25063,Moonee Valley (C) - Essendon,25060,Moonee Valley (C),Victoria
3040,Aberfeldie,25063,Moonee Valley (C) - Essendon,25060,Moonee Valley (C),Victoria
3040,Essendon,25063,Moonee Valley (C) - Essendon,25060,Moonee Valley (C),Victoria
3040,Glenbervie,25063,Moonee Valley (C) - Essendon,25060,Moonee Valley (C),Victoria
3041,Cross Keys,25063,Moonee Valley (C) - Essendon,25060,Moonee Valley (C),Victoria
3041,Essendon Airport,25065,Moonee Valley (C) - West,25060,Moonee Valley (C),Victoria
3041,N.Essendon,25063,Moonee Valley (C) - Essendon,25060,Moonee Valley (C),Victoria
3041,Nth.Essendon,25063,Moonee Valley (C) - Essendon,25060,Moonee Valley (C),Victoria
3041,Strathmore North,25063,Moonee Valley (C) - Essendon,25060,Moonee Valley (C),Victoria
3041,Essendon,25063,Moonee Valley (C) - Essendon,25060,Moonee Valley (C),Victoria
3041,Strathmore Heights,25065,Moonee Valley (C) - West,25060,Moonee Valley (C),Victoria
3041,Essendon North,25063,Moonee Valley (C) - Essendon,25060,Moonee Valley (C),Victoria
3041,North Essendon,25063,Moonee Valley (C) - Essendon,25060,Moonee Valley (C),Victoria
3041,Strathmore,25063,Moonee Valley (C) - Essendon,25060,Moonee Valley (C),Victoria
3041,Nth Essendon,25063,Moonee Valley (C) - Essendon,25060,Moonee Valley (C),Victoria
3041,Essendon Nth,25063,Moonee Valley (C) - Essendon,25060,Moonee Valley (C),Victoria
3041,Essendon Fields,25065,Moonee Valley (C) - West,25060,Moonee Valley (C),Victoria
3042,Niddrie,25065,Moonee Valley (C) - West,25060,Moonee Valley (C),Victoria
3042,Doutta Galla,25065,Moonee Valley (C) - West,25060,Moonee Valley (C),Victoria
3042,Niddrie Nth,25065,Moonee Valley (C) - West,25060,Moonee Valley (C),Victoria
3042,Niddrie North,25065,Moonee Valley (C) - West,25060,Moonee Valley (C),Victoria
3042,Airport West,25065,Moonee Valley (C) - West,25060,Moonee Valley (C),Victoria
3042,Keilor,21181,Brimbank (C) - Keilor,21180,Brimbank (C),Victoria
3042,Keilor Park,21181,Brimbank (C) - Keilor,21180,Brimbank (C),Victoria
3042,West Airport,25065,Moonee Valley (C) - West,25060,Moonee Valley (C),Victoria
3042,W.Airport,25065,Moonee Valley (C) - West,25060,Moonee Valley (C),Victoria
3043,Gladstone Park,23271,Hume (C) - Broadmeadows,23270,Hume (C),Victoria
3043,Farm Ridge,23271,Hume (C) - Broadmeadows,23270,Hume (C),Victoria
3043,Gowanbrae,25253,Moreland (C) - North,25250,Moreland (C),Victoria
3043,Tullamarine,23271,Hume (C) - Broadmeadows,23270,Hume (C),Victoria
3043,Willowbrook,23271,Hume (C) - Broadmeadows,23270,Hume (C),Victoria
3044,S.Pascoe Vale,25252,Moreland (C) - Coburg,25250,Moreland (C),Victoria
3044,Westbreen,25253,Moreland (C) - North,25250,Moreland (C),Victoria
3044,Sth.Pascoe Vale,25252,Moreland (C) - Coburg,25250,Moreland (C),Victoria
3044,Sth Pascoe Vale,25252,Moreland (C) - Coburg,25250,Moreland (C),Victoria
3044,Pascoe Vale Sth,25252,Moreland (C) - Coburg,25250,Moreland (C),Victoria
3044,Coonans Hill,25252,Moreland (C) - Coburg,25250,Moreland (C),Victoria
3044,Pascoe Vale South,25252,Moreland (C) - Coburg,25250,Moreland (C),Victoria
3044,South Pascoe Vale,25252,Moreland (C) - Coburg,25250,Moreland (C),Victoria
3044,Pascoe Vale,25252,Moreland (C) - Coburg,25250,Moreland (C),Victoria
3045,Melbourne Airport,23274,Hume (C) - Craigieburn,23270,Hume (C),Victoria
3045,Tullamarine Airport,23274,Hume (C) - Craigieburn,23270,Hume (C),Victoria
3046,Glenroy,25253,Moreland (C) - North,25250,Moreland (C),Victoria
3046,West Fawkner,25253,Moreland (C) - North,25250,Moreland (C),Victoria
3046,Hadfield,25253,Moreland (C) - North,25250,Moreland (C),Victoria
3046,Oak Park,25253,Moreland (C) - North,25250,Moreland (C),Victoria
3046,Fawkner West,25253,Moreland (C) - North,25250,Moreland (C),Victoria
3046,Glenroy East,25253,Moreland (C) - North,25250,Moreland (C),Victoria
3047,West Broadmeadows,23271,Hume (C) - Broadmeadows,23270,Hume (C),Victoria
3047,Broadmeadows Square,23271,Hume (C) - Broadmeadows,23270,Hume (C),Victoria
3047,W.Broadmeadows,23271,Hume (C) - Broadmeadows,23270,Hume (C),Victoria
3047,Broadmeadows North,23271,Hume (C) - Broadmeadows,23270,Hume (C),Victoria
3047,Dallas,23271,Hume (C) - Broadmeadows,23270,Hume (C),Victoria
3047,Broadmeadows West,23271,Hume (C) - Broadmeadows,23270,Hume (C),Victoria
3047,Meadow Fair,23271,Hume (C) - Broadmeadows,23270,Hume (C),Victoria
3047,Broadmeadows South,23271,Hume (C) - Broadmeadows,23270,Hume (C),Victoria
3047,Jacana,23271,Hume (C) - Broadmeadows,23270,Hume (C),Victoria
3047,Broadmeadows,23271,Hume (C) - Broadmeadows,23270,Hume (C),Victoria
3047,Upfield,23271,Hume (C) - Broadmeadows,23270,Hume (C),Victoria
3047,Broadmeadows Sth,23271,Hume (C) - Broadmeadows,23270,Hume (C),Victoria
3048,Coolaroo,23271,Hume (C) - Broadmeadows,23270,Hume (C),Victoria
3048,Meadow Heights,23271,Hume (C) - Broadmeadows,23270,Hume (C),Victoria
3049,Attwood,23274,Hume (C) - Craigieburn,23270,Hume (C),Victoria
3049,Westmeadows,23271,Hume (C) - Broadmeadows,23270,Hume (C),Victoria
3049,West Meadows,23271,Hume (C) - Broadmeadows,23270,Hume (C),Victoria
3049,Calder Park,21181,Brimbank (C) - Keilor,21180,Brimbank (C),Victoria
3050,Royal Melbourne Hospit,24608,Melbourne (C) - Remainder,24600,Melbourne (C),Victoria
3050,Parkville,24608,Melbourne (C) - Remainder,24600,Melbourne (C),Victoria
3051,Nth Melbourne,24608,Melbourne (C) - Remainder,24600,Melbourne (C),Victoria
3051,Melbourne North,24608,Melbourne (C) - Remainder,24600,Melbourne (C),Victoria
3051,N.Melbourne,24608,Melbourne (C) - Remainder,24600,Melbourne (C),Victoria
3051,Melbourne Nth,24608,Melbourne (C) - Remainder,24600,Melbourne (C),Victoria
3051,North Melbourne,24608,Melbourne (C) - Remainder,24600,Melbourne (C),Victoria
3051,N Melbourne,24608,Melbourne (C) - Remainder,24600,Melbourne (C),Victoria
3051,Hotham Hill,25063,Moonee Valley (C) - Essendon,25060,Moonee Valley (C),Victoria
3051,Nth.Melbourne,24608,Melbourne (C) - Remainder,24600,Melbourne (C),Victoria
3051,Melbourne,24608,Melbourne (C) - Remainder,24600,Melbourne (C),Victoria
3052,Royal Park,24608,Melbourne (C) - Remainder,24600,Melbourne (C),Victoria
3052,West Parkville,24608,Melbourne (C) - Remainder,24600,Melbourne (C),Victoria
3052,Melbourne University,24608,Melbourne (C) - Remainder,24600,Melbourne (C),Victoria
3052,Parkville,24608,Melbourne (C) - Remainder,24600,Melbourne (C),Victoria
3052,Parkville West,24608,Melbourne (C) - Remainder,24600,Melbourne (C),Victoria
3053,Carlton,24608,Melbourne (C) - Remainder,24600,Melbourne (C),Victoria
3053,Royal Womens Hospital,24608,Melbourne (C) - Remainder,24600,Melbourne (C),Victoria
3053,Sth Carlton,24608,Melbourne (C) - Remainder,24600,Melbourne (C),Victoria
3053,Carlton South,24608,Melbourne (C) - Remainder,24600,Melbourne (C),Victoria
3053,Sth.Carlton,24608,Melbourne (C) - Remainder,24600,Melbourne (C),Victoria
3053,South Carlton,24608,Melbourne (C) - Remainder,24600,Melbourne (C),Victoria
3053,Carlton Sth,24608,Melbourne (C) - Remainder,24600,Melbourne (C),Victoria
3054,Carlton Nth,27351,Yarra (C) - North,27350,Yarra (C),Victoria
3054,N.Carlton,27351,Yarra (C) - North,27350,Yarra (C),Victoria
3054,Princes Hill,27351,Yarra (C) - North,27350,Yarra (C),Victoria
3054,North Carlton,27351,Yarra (C) - North,27350,Yarra (C),Victoria
3054,Nth Carlton,27351,Yarra (C) - North,27350,Yarra (C),Victoria
3054,Nth.Carlton,27351,Yarra (C) - North,27350,Yarra (C),Victoria
3054,Sumner,27351,Yarra (C) - North,27350,Yarra (C),Victoria
3054,Carlton North,27351,Yarra (C) - North,27350,Yarra (C),Victoria
3055,W.Moreland,25251,Moreland (C) - Brunswick,25250,Moreland (C),Victoria
3055,Brunswick Sth,25251,Moreland (C) - Brunswick,25250,Moreland (C),Victoria
3055,W.Brunswick,25251,Moreland (C) - Brunswick,25250,Moreland (C),Victoria
3055,Moonee Vale,25251,Moreland (C) - Brunswick,25250,Moreland (C),Victoria
3055,Sth Brunswick,25251,Moreland (C) - Brunswick,25250,Moreland (C),Victoria
3055,West Brunswick,25251,Moreland (C) - Brunswick,25250,Moreland (C),Victoria
3055,South Brunswick,25251,Moreland (C) - Brunswick,25250,Moreland (C),Victoria
3055,Moreland West,25251,Moreland (C) - Brunswick,25250,Moreland (C),Victoria
3055,Brunswick West,25251,Moreland (C) - Brunswick,25250,Moreland (C),Victoria
3055,Brunswick South,25251,Moreland (C) - Brunswick,25250,Moreland (C),Victoria
3055,Brunswick,25251,Moreland (C) - Brunswick,25250,Moreland (C),Victoria
3055,West Moreland,25251,Moreland (C) - Brunswick,25250,Moreland (C),Victoria
3056,Brunswick North,25251,Moreland (C) - Brunswick,25250,Moreland (C),Victoria
3056,Lower Brunswick,25251,Moreland (C) - Brunswick,25250,Moreland (C),Victoria
3056,Brunswick Nth,25251,Moreland (C) - Brunswick,25250,Moreland (C),Victoria
3056,Brunswick,25251,Moreland (C) - Brunswick,25250,Moreland (C),Victoria
3056,Anstey,25251,Moreland (C) - Brunswick,25250,Moreland (C),Victoria
3056,Nth.Brunswick,25251,Moreland (C) - Brunswick,25250,Moreland (C),Victoria
3056,Jewell,25251,Moreland (C) - Brunswick,25250,Moreland (C),Victoria
3056,Brunswick Lower,25251,Moreland (C) - Brunswick,25250,Moreland (C),Victoria
3056,North Brunswick,25251,Moreland (C) - Brunswick,25250,Moreland (C),Victoria
3057,Sumner,25251,Moreland (C) - Brunswick,25250,Moreland (C),Victoria
3057,E.Brunswick,25251,Moreland (C) - Brunswick,25250,Moreland (C),Victoria
3057,Moreland East,25251,Moreland (C) - Brunswick,25250,Moreland (C),Victoria
3057,East Brunswick,25251,Moreland (C) - Brunswick,25250,Moreland (C),Victoria
3057,Brunswick East,25251,Moreland (C) - Brunswick,25250,Moreland (C),Victoria
3058,Nth Coburg,25252,Moreland (C) - Coburg,25250,Moreland (C),Victoria
3058,Newlands Estate,25252,Moreland (C) - Coburg,25250,Moreland (C),Victoria
3058,Coburg West,25252,Moreland (C) - Coburg,25250,Moreland (C),Victoria
3058,Coburg Nth,25252,Moreland (C) - Coburg,25250,Moreland (C),Victoria
3058,West Coburg,25252,Moreland (C) - Coburg,25250,Moreland (C),Victoria
3058,East Coburg,25252,Moreland (C) - Coburg,25250,Moreland (C),Victoria
3058,Nth.Coburg,25252,Moreland (C) - Coburg,25250,Moreland (C),Victoria
3058,Coburg,25252,Moreland (C) - Coburg,25250,Moreland (C),Victoria
3058,Moreland,25252,Moreland (C) - Coburg,25250,Moreland (C),Victoria
3058,Coburg North,25252,Moreland (C) - Coburg,25250,Moreland (C),Victoria
3058,North Coburg,25252,Moreland (C) - Coburg,25250,Moreland (C),Victoria
3058,Batman,25252,Moreland (C) - Coburg,25250,Moreland (C),Victoria
3058,Coburg East,25252,Moreland (C) - Coburg,25250,Moreland (C),Victoria
3058,Merlynston,25252,Moreland (C) - Coburg,25250,Moreland (C),Victoria
3059,Greenvale,23274,Hume (C) - Craigieburn,23270,Hume (C),Victoria
3060,North Fawkner,25253,Moreland (C) - North,25250,Moreland (C),Victoria
3060,Fawkner North,25253,Moreland (C) - North,25250,Moreland (C),Victoria
3060,Fawkner Nth,25253,Moreland (C) - North,25250,Moreland (C),Victoria
3060,Nth.Fawkner,25253,Moreland (C) - North,25250,Moreland (C),Victoria
3060,Moomba Park,25253,Moreland (C) - North,25250,Moreland (C),Victoria
3060,Nth Fawkner,25253,Moreland (C) - North,25250,Moreland (C),Victoria
3060,Gowrie,25253,Moreland (C) - North,25250,Moreland (C),Victoria
3060,E.Fawkner,25253,Moreland (C) - North,25250,Moreland (C),Victoria
3060,N.Fawkner,25253,Moreland (C) - North,25250,Moreland (C),Victoria
3060,Fawkner,25253,Moreland (C) - North,25250,Moreland (C),Victoria
3060,East Fawkner,25253,Moreland (C) - North,25250,Moreland (C),Victoria
3060,Fawkner East,25253,Moreland (C) - North,25250,Moreland (C),Victoria
3061,Campbellfield North,23271,Hume (C) - Broadmeadows,23270,Hume (C),Victoria
3061,Campbellfield,23271,Hume (C) - Broadmeadows,23270,Hume (C),Victoria
3062,Somerton,23274,Hume (C) - Craigieburn,23270,Hume (C),Victoria
3063,Oaklands Junction,23275,Hume (C) - Sunbury,23270,Hume (C),Victoria
3063,Yuroke,23274,Hume (C) - Craigieburn,23270,Hume (C),Victoria
3064,Mickleham,23274,Hume (C) - Craigieburn,23270,Hume (C),Victoria
3064,Roxburgh Park,23274,Hume (C) - Craigieburn,23270,Hume (C),Victoria
3064,Donnybrook,27071,Whittlesea (C) - North,27070,Whittlesea (C),Victoria
3064,Craigieburn,23274,Hume (C) - Craigieburn,23270,Hume (C),Victoria
3064,Kalkallo,23274,Hume (C) - Craigieburn,23270,Hume (C),Victoria
3065,Fitzroy,27351,Yarra (C) - North,27350,Yarra (C),Victoria
3065,Fitzroy South,27351,Yarra (C) - North,27350,Yarra (C),Victoria
3065,Fitzroy Sth,27351,Yarra (C) - North,27350,Yarra (C),Victoria
3065,St Vincents Hospital,27351,Yarra (C) - North,27350,Yarra (C),Victoria
3065,Sth.Fitzroy,27351,Yarra (C) - North,27350,Yarra (C),Victoria
3065,Eastern Hill,27351,Yarra (C) - North,27350,Yarra (C),Victoria
3066,Collingwood Nth,27351,Yarra (C) - North,27350,Yarra (C),Victoria
3066,Collingwood North,27351,Yarra (C) - North,27350,Yarra (C),Victoria
3066,Nth.Collingwood,27351,Yarra (C) - North,27350,Yarra (C),Victoria
3066,North Collingwood,27351,Yarra (C) - North,27350,Yarra (C),Victoria
3066,Collingwood,27351,Yarra (C) - North,27350,Yarra (C),Victoria
3067,Abbotsford,27351,Yarra (C) - North,27350,Yarra (C),Victoria
3067,Collingwood,27351,Yarra (C) - North,27350,Yarra (C),Victoria
3067,Victoria Park,27351,Yarra (C) - North,27350,Yarra (C),Victoria
3068,Merri,21891,Darebin (C) - Northcote,21890,Darebin (C),Victoria
3068,North Fitzroy,27351,Yarra (C) - North,27350,Yarra (C),Victoria
3068,Rushall,27351,Yarra (C) - North,27350,Yarra (C),Victoria
3068,Fitzroy Nth,27351,Yarra (C) - North,27350,Yarra (C),Victoria
3068,Nth Fitzroy,27351,Yarra (C) - North,27350,Yarra (C),Victoria
3068,Nth.Fitzroy,27351,Yarra (C) - North,27350,Yarra (C),Victoria
3068,N.Fitzroy,27351,Yarra (C) - North,27350,Yarra (C),Victoria
3068,Clifton Hill,27351,Yarra (C) - North,27350,Yarra (C),Victoria
3068,Fitzroy North,27351,Yarra (C) - North,27350,Yarra (C),Victoria
3068,Clifton Hill East,27351,Yarra (C) - North,27350,Yarra (C),Victoria
3068,Rushall Park,27351,Yarra (C) - North,27350,Yarra (C),Victoria
3070,Westgarth,21891,Darebin (C) - Northcote,21890,Darebin (C),Victoria
3070,Croxton,21891,Darebin (C) - Northcote,21890,Darebin (C),Victoria
3070,Northcote Sth,21891,Darebin (C) - Northcote,21890,Darebin (C),Victoria
3070,South Northcote,21891,Darebin (C) - Northcote,21890,Darebin (C),Victoria
3070,Northcote South,21891,Darebin (C) - Northcote,21890,Darebin (C),Victoria
3070,Northcote,21891,Darebin (C) - Northcote,21890,Darebin (C),Victoria
3071,Thornbury,21891,Darebin (C) - Northcote,21890,Darebin (C),Victoria
3071,Thornbury North,21891,Darebin (C) - Northcote,21890,Darebin (C),Victoria
3071,Thornbury Nth,21891,Darebin (C) - Northcote,21890,Darebin (C),Victoria
3071,Pender,21891,Darebin (C) - Northcote,21890,Darebin (C),Victoria
3071,North Thornbury,21891,Darebin (C) - Northcote,21890,Darebin (C),Victoria
3071,N.Thornbury,21891,Darebin (C) - Northcote,21890,Darebin (C),Victoria
3071,Nth Thornbury,21891,Darebin (C) - Northcote,21890,Darebin (C),Victoria
3071,Lower Preston,21891,Darebin (C) - Northcote,21890,Darebin (C),Victoria
3071,Preston Lower,21891,Darebin (C) - Northcote,21890,Darebin (C),Victoria
3072,Preston South,21892,Darebin (C) - Preston,21890,Darebin (C),Victoria
3072,Preston,21892,Darebin (C) - Preston,21890,Darebin (C),Victoria
3072,South Preston,21892,Darebin (C) - Preston,21890,Darebin (C),Victoria
3072,West Preston,21892,Darebin (C) - Preston,21890,Darebin (C),Victoria
3072,Sylvester,21892,Darebin (C) - Preston,21890,Darebin (C),Victoria
3072,Sth Preston,21892,Darebin (C) - Preston,21890,Darebin (C),Victoria
3072,South Reservoir,21892,Darebin (C) - Preston,21890,Darebin (C),Victoria
3072,Reservoir South,21892,Darebin (C) - Preston,21890,Darebin (C),Victoria
3072,Preston West,21892,Darebin (C) - Preston,21890,Darebin (C),Victoria
3072,Lower Preston,21892,Darebin (C) - Preston,21890,Darebin (C),Victoria
3072,W.Preston,21892,Darebin (C) - Preston,21890,Darebin (C),Victoria
3072,E.Preston,21892,Darebin (C) - Preston,21890,Darebin (C),Victoria
3072,Gilberton,21892,Darebin (C) - Preston,21890,Darebin (C),Victoria
3072,S.Preston,21892,Darebin (C) - Preston,21890,Darebin (C),Victoria
3072,Preston East,21892,Darebin (C) - Preston,21890,Darebin (C),Victoria
3072,East Preston,21892,Darebin (C) - Preston,21890,Darebin (C),Victoria
3072,Regent West,21892,Darebin (C) - Preston,21890,Darebin (C),Victoria
3072,Northland Centre,21892,Darebin (C) - Preston,21890,Darebin (C),Victoria
3072,Preston Sth,21892,Darebin (C) - Preston,21890,Darebin (C),Victoria
3072,Preston Lower,21892,Darebin (C) - Preston,21890,Darebin (C),Victoria
3072,Bell,21892,Darebin (C) - Preston,21890,Darebin (C),Victoria
3072,West Regent,21892,Darebin (C) - Preston,21890,Darebin (C),Victoria
3073,West Regent,21892,Darebin (C) - Preston,21890,Darebin (C),Victoria
3073,Reservoir Sth,21892,Darebin (C) - Preston,21890,Darebin (C),Victoria
3073,Reservoir West,21892,Darebin (C) - Preston,21890,Darebin (C),Victoria
3073,Reservoir Nth,21892,Darebin (C) - Preston,21890,Darebin (C),Victoria
3073,North Reservoir,21892,Darebin (C) - Preston,21890,Darebin (C),Victoria
3073,Reservoir South,21892,Darebin (C) - Preston,21890,Darebin (C),Victoria
3073,S.Reservoir,21892,Darebin (C) - Preston,21890,Darebin (C),Victoria
3073,Gilbank,21892,Darebin (C) - Preston,21890,Darebin (C),Victoria
3073,Ruthven,21892,Darebin (C) - Preston,21890,Darebin (C),Victoria
3073,East Reservoir,21892,Darebin (C) - Preston,21890,Darebin (C),Victoria
3073,Keon Park,21892,Darebin (C) - Preston,21890,Darebin (C),Victoria
3073,Regent,21892,Darebin (C) - Preston,21890,Darebin (C),Victoria
3073,West Reservoir,21892,Darebin (C) - Preston,21890,Darebin (C),Victoria
3073,Reservoir East,21892,Darebin (C) - Preston,21890,Darebin (C),Victoria
3073,Reservoir,21892,Darebin (C) - Preston,21890,Darebin (C),Victoria
3073,Regent West,21892,Darebin (C) - Preston,21890,Darebin (C),Victoria
3073,Reservoir North,21892,Darebin (C) - Preston,21890,Darebin (C),Victoria
3073,E.Reservoir,21892,Darebin (C) - Preston,21890,Darebin (C),Victoria
3074,Thomastown,27076,Whittlesea (C) - South-West,27070,Whittlesea (C),Victoria
3075,Lalor,27076,Whittlesea (C) - South-West,27070,Whittlesea (C),Victoria
3075,Lalor West,27076,Whittlesea (C) - South-West,27070,Whittlesea (C),Victoria
3076,Epping,27076,Whittlesea (C) - South-West,27070,Whittlesea (C),Victoria
3078,Yarra Bend,27351,Yarra (C) - North,27350,Yarra (C),Victoria
3078,Alphington,21891,Darebin (C) - Northcote,21890,Darebin (C),Victoria
3078,Fairfield,21891,Darebin (C) - Northcote,21890,Darebin (C),Victoria
3079,Ivanhoe West,20661,Banyule (C) - Heidelberg,20660,Banyule (C),Victoria
3079,N.Ivanhoe,20661,Banyule (C) - Heidelberg,20660,Banyule (C),Victoria
3079,E.Ivanhoe,20661,Banyule (C) - Heidelberg,20660,Banyule (C),Victoria
3079,West Ivanhoe,20661,Banyule (C) - Heidelberg,20660,Banyule (C),Victoria
3079,Darebin,20661,Banyule (C) - Heidelberg,20660,Banyule (C),Victoria
3079,Ivanhoe Nth,20661,Banyule (C) - Heidelberg,20660,Banyule (C),Victoria
3079,Ivanhoe,20661,Banyule (C) - Heidelberg,20660,Banyule (C),Victoria
3079,Ivanhoe North,20661,Banyule (C) - Heidelberg,20660,Banyule (C),Victoria
3079,W.Ivanhoe,20661,Banyule (C) - Heidelberg,20660,Banyule (C),Victoria
3079,Nth Ivanhoe,20661,Banyule (C) - Heidelberg,20660,Banyule (C),Victoria
3079,East Ivanhoe,20661,Banyule (C) - Heidelberg,20660,Banyule (C),Victoria
3079,Ivanhoe East,20661,Banyule (C) - Heidelberg,20660,Banyule (C),Victoria
3079,North Ivanhoe,20661,Banyule (C) - Heidelberg,20660,Banyule (C),Victoria
3081,West Heidelberg,20661,Banyule (C) - Heidelberg,20660,Banyule (C),Victoria
3081,Bellfield,20661,Banyule (C) - Heidelberg,20660,Banyule (C),Victoria
3081,Heidelberg Nth,20661,Banyule (C) - Heidelberg,20660,Banyule (C),Victoria
3081,W.Heidelberg,20661,Banyule (C) - Heidelberg,20660,Banyule (C),Victoria
3081,Heidelberg East,20661,Banyule (C) - Heidelberg,20660,Banyule (C),Victoria
3081,Heidelberg Rgh,20661,Banyule (C) - Heidelberg,20660,Banyule (C),Victoria
3081,Heidelberg North,20661,Banyule (C) - Heidelberg,20660,Banyule (C),Victoria
3081,West Hiedelberg,20661,Banyule (C) - Heidelberg,20660,Banyule (C),Victoria
3081,Heidelberg West,20661,Banyule (C) - Heidelberg,20660,Banyule (C),Victoria
3081,Heidelberg Heights,20661,Banyule (C) - Heidelberg,20660,Banyule (C),Victoria
3081,Heidelberg,20661,Banyule (C) - Heidelberg,20660,Banyule (C),Victoria
3082,Mill Park,27075,Whittlesea (C) - South-East,27070,Whittlesea (C),Victoria
3082,Blossom Park,27075,Whittlesea (C) - South-East,27070,Whittlesea (C),Victoria
3083,Bundoora,27075,Whittlesea (C) - South-East,27070,Whittlesea (C),Victoria
3083,Kingsbury,21892,Darebin (C) - Preston,21890,Darebin (C),Victoria
3083,Botanica Park,20662,Banyule (C) - North,20660,Banyule (C),Victoria
3083,Larundel,21892,Darebin (C) - Preston,21890,Darebin (C),Victoria
3083,La Trobe University,21892,Darebin (C) - Preston,21890,Darebin (C),Victoria
3083,Norrisbank,20662,Banyule (C) - North,20660,Banyule (C),Victoria
3084,Banyule,20661,Banyule (C) - Heidelberg,20660,Banyule (C),Victoria
3084,Rosanna East,20661,Banyule (C) - Heidelberg,20660,Banyule (C),Victoria
3084,Austin Hospital,20661,Banyule (C) - Heidelberg,20660,Banyule (C),Victoria
3084,E.Rosanna,20661,Banyule (C) - Heidelberg,20660,Banyule (C),Victoria
3084,View Bank,20661,Banyule (C) - Heidelberg,20660,Banyule (C),Victoria
3084,Heidelberg,20661,Banyule (C) - Heidelberg,20660,Banyule (C),Victoria
3084,Viewbank,20661,Banyule (C) - Heidelberg,20660,Banyule (C),Victoria
3084,Rosanna,20661,Banyule (C) - Heidelberg,20660,Banyule (C),Victoria
3084,Eaglemont,20661,Banyule (C) - Heidelberg,20660,Banyule (C),Victoria
3084,East Rosanna,20661,Banyule (C) - Heidelberg,20660,Banyule (C),Victoria
3085,Simpson Barracks,20661,Banyule (C) - Heidelberg,20660,Banyule (C),Victoria
3085,Gresswell,20662,Banyule (C) - North,20660,Banyule (C),Victoria
3085,West Macleod,20661,Banyule (C) - Heidelberg,20660,Banyule (C),Victoria
3085,Mont Park,21892,Darebin (C) - Preston,21890,Darebin (C),Victoria
3085,Macleod,20661,Banyule (C) - Heidelberg,20660,Banyule (C),Victoria
3085,Macleod West,20661,Banyule (C) - Heidelberg,20660,Banyule (C),Victoria
3085,Watsonia,20662,Banyule (C) - North,20660,Banyule (C),Victoria
3085,Yallambie,20661,Banyule (C) - Heidelberg,20660,Banyule (C),Victoria
3085,Watsonia Military Camp,20661,Banyule (C) - Heidelberg,20660,Banyule (C),Victoria
3086,La Trobe University,21892,Darebin (C) - Preston,21890,Darebin (C),Victoria
3087,Watsonia North,20662,Banyule (C) - North,20660,Banyule (C),Victoria
3087,Watsonia,20662,Banyule (C) - North,20660,Banyule (C),Victoria
3087,N.Watsonia,20662,Banyule (C) - North,20660,Banyule (C),Victoria
3087,Watsonia Nth,20662,Banyule (C) - North,20660,Banyule (C),Victoria
3087,Nth Watsonia,20662,Banyule (C) - North,20660,Banyule (C),Victoria
3087,North Watsonia,20662,Banyule (C) - North,20660,Banyule (C),Victoria
3088,Saint Helena,20662,Banyule (C) - North,20660,Banyule (C),Victoria
3088,St.Helena,20662,Banyule (C) - North,20660,Banyule (C),Victoria
3088,Greensborough,20662,Banyule (C) - North,20660,Banyule (C),Victoria
3088,St Helena,20662,Banyule (C) - North,20660,Banyule (C),Victoria
3088,Briar Hill,20662,Banyule (C) - North,20660,Banyule (C),Victoria
3088,Greenhills,20662,Banyule (C) - North,20660,Banyule (C),Victoria
3088,St. Helena,20662,Banyule (C) - North,20660,Banyule (C),Victoria
3089,Diamond Creek,25715,Nillumbik (S) - South-West,25710,Nillumbik (S),Victoria
3089,Tanks Corner,25715,Nillumbik (S) - South-West,25710,Nillumbik (S),Victoria
3090,Plenty,25715,Nillumbik (S) - South-West,25710,Nillumbik (S),Victoria
3091,Yarrambat,25715,Nillumbik (S) - South-West,25710,Nillumbik (S),Victoria
3093,Plenty Lower,20662,Banyule (C) - North,20660,Banyule (C),Victoria
3093,Lower Plenty,20662,Banyule (C) - North,20660,Banyule (C),Victoria
3094,Eltham,25713,Nillumbik (S) - South,25710,Nillumbik (S),Victoria
3094,Montmorency South,20662,Banyule (C) - North,20660,Banyule (C),Victoria
3094,Lower Plenty,20662,Banyule (C) - North,20660,Banyule (C),Victoria
3094,Montmorency,20662,Banyule (C) - North,20660,Banyule (C),Victoria
3095,Eltham South,25713,Nillumbik (S) - South,25710,Nillumbik (S),Victoria
3095,North Eltham,25715,Nillumbik (S) - South-West,25710,Nillumbik (S),Victoria
3095,Eltham North,25715,Nillumbik (S) - South-West,25710,Nillumbik (S),Victoria
3095,Sth.Eltham,25713,Nillumbik (S) - South,25710,Nillumbik (S),Victoria
3095,South Eltham,25713,Nillumbik (S) - South,25710,Nillumbik (S),Victoria
3095,Eltham Nth,25713,Nillumbik (S) - South,25710,Nillumbik (S),Victoria
3095,Eltham Sth,25713,Nillumbik (S) - South,25710,Nillumbik (S),Victoria
3095,Eltham East,25713,Nillumbik (S) - South,25710,Nillumbik (S),Victoria
3095,Nth.Eltham,25713,Nillumbik (S) - South,25710,Nillumbik (S),Victoria
3095,Eltham,25713,Nillumbik (S) - South,25710,Nillumbik (S),Victoria
3095,Research,25713,Nillumbik (S) - South,25710,Nillumbik (S),Victoria
3095,Nth Eltham,25713,Nillumbik (S) - South,25710,Nillumbik (S),Victoria
3095,N.Eltham,25713,Nillumbik (S) - South,25710,Nillumbik (S),Victoria
3096,Wattle Glen,25715,Nillumbik (S) - South-West,25710,Nillumbik (S),Victoria
3096,Diamond Creek Upper,25715,Nillumbik (S) - South-West,25710,Nillumbik (S),Victoria
3097,Bend Of Islands,25718,Nillumbik (S) Bal,25710,Nillumbik (S),Victoria
3097,Kangaroo Ground,25713,Nillumbik (S) - South,25710,Nillumbik (S),Victoria
3097,Kangaroo Ground South,25713,Nillumbik (S) - South,25710,Nillumbik (S),Victoria
3097,Watsons Creek,25718,Nillumbik (S) Bal,25710,Nillumbik (S),Victoria
3099,Wattleglen,25718,Nillumbik (S) Bal,25710,Nillumbik (S),Victoria
3099,Streamville,25718,Nillumbik (S) Bal,25710,Nillumbik (S),Victoria
3099,Arthurs Creek,25718,Nillumbik (S) Bal,25710,Nillumbik (S),Victoria
3099,Cottles Brigde,25718,Nillumbik (S) Bal,25710,Nillumbik (S),Victoria
3099,Hurstbridge,25718,Nillumbik (S) Bal,25710,Nillumbik (S),Victoria
3099,Nutfield,25718,Nillumbik (S) Bal,25710,Nillumbik (S),Victoria
3099,Strathewen,25718,Nillumbik (S) Bal,25710,Nillumbik (S),Victoria
3099,Cottles Bridge,25718,Nillumbik (S) Bal,25710,Nillumbik (S),Victoria
3101,West Balwyn,21111,Boroondara (C) - Camberwell N.,21110,Boroondara (C),Victoria
3101,Balwyn West,21111,Boroondara (C) - Camberwell N.,21110,Boroondara (C),Victoria
3101,Nth Kew,21114,Boroondara (C) - Kew,21110,Boroondara (C),Victoria
3101,Kew North,21114,Boroondara (C) - Kew,21110,Boroondara (C),Victoria
3101,Kew Junction,21114,Boroondara (C) - Kew,21110,Boroondara (C),Victoria
3101,Willsmere,21114,Boroondara (C) - Kew,21110,Boroondara (C),Victoria
3101,Kew,21114,Boroondara (C) - Kew,21110,Boroondara (C),Victoria
3101,Cotham,21114,Boroondara (C) - Kew,21110,Boroondara (C),Victoria
3101,Highgrove,21114,Boroondara (C) - Kew,21110,Boroondara (C),Victoria
3101,Kew Nth,21114,Boroondara (C) - Kew,21110,Boroondara (C),Victoria
3101,North Kew,21114,Boroondara (C) - Kew,21110,Boroondara (C),Victoria
3101,N.Kew,21114,Boroondara (C) - Kew,21110,Boroondara (C),Victoria
3101,Studley Park,21114,Boroondara (C) - Kew,21110,Boroondara (C),Victoria
3102,Kew East,21114,Boroondara (C) - Kew,21110,Boroondara (C),Victoria
3102,East Kew,21114,Boroondara (C) - Kew,21110,Boroondara (C),Victoria
3102,E.Kew,21114,Boroondara (C) - Kew,21110,Boroondara (C),Victoria
3103,Stradbroke Park,21114,Boroondara (C) - Kew,21110,Boroondara (C),Victoria
3103,Balwyn,21111,Boroondara (C) - Camberwell N.,21110,Boroondara (C),Victoria
3103,Balwyn East,21111,Boroondara (C) - Camberwell N.,21110,Boroondara (C),Victoria
3103,Deepdene,21111,Boroondara (C) - Camberwell N.,21110,Boroondara (C),Victoria
3104,Nth.Balwyn,21111,Boroondara (C) - Camberwell N.,21110,Boroondara (C),Victoria
3104,Bellevue,21111,Boroondara (C) - Camberwell N.,21110,Boroondara (C),Victoria
3104,Balwyn North,21111,Boroondara (C) - Camberwell N.,21110,Boroondara (C),Victoria
3104,Nth Balwyn,21111,Boroondara (C) - Camberwell N.,21110,Boroondara (C),Victoria
3104,North Balwyn,21111,Boroondara (C) - Camberwell N.,21110,Boroondara (C),Victoria
3104,Balwyn Nth,21111,Boroondara (C) - Camberwell N.,21110,Boroondara (C),Victoria
3104,Greythorn,21111,Boroondara (C) - Camberwell N.,21110,Boroondara (C),Victoria
3104,N.Balwyn,21111,Boroondara (C) - Camberwell N.,21110,Boroondara (C),Victoria
3104,Yooralla,21111,Boroondara (C) - Camberwell N.,21110,Boroondara (C),Victoria
3105,Banksia Park,24214,Manningham (C) - West,24210,Manningham (C),Victoria
3105,Bulleen,24214,Manningham (C) - West,24210,Manningham (C),Victoria
3105,Bulleen Sth,24214,Manningham (C) - West,24210,Manningham (C),Victoria
3105,Bulleen South,24214,Manningham (C) - West,24210,Manningham (C),Victoria
3105,Yarraleen,24214,Manningham (C) - West,24210,Manningham (C),Victoria
3105,Sth.Bulleen,24214,Manningham (C) - West,24210,Manningham (C),Victoria
3106,Templestowe,24214,Manningham (C) - West,24210,Manningham (C),Victoria
3107,Templestowe Heights,24214,Manningham (C) - West,24210,Manningham (C),Victoria
3107,Lower Templestowe,24214,Manningham (C) - West,24210,Manningham (C),Victoria
3107,Templestowe West,24214,Manningham (C) - West,24210,Manningham (C),Victoria
3107,Templestowe Lower,24214,Manningham (C) - West,24210,Manningham (C),Victoria
3107,West Templestowe,24214,Manningham (C) - West,24210,Manningham (C),Victoria
3108,W.Doncaster,24214,Manningham (C) - West,24210,Manningham (C),Victoria
3108,Doncaster West,24214,Manningham (C) - West,24210,Manningham (C),Victoria
3108,Doncaster,24214,Manningham (C) - West,24210,Manningham (C),Victoria
3108,West Doncaster,24214,Manningham (C) - West,24210,Manningham (C),Victoria
3109,East Doncaster,24214,Manningham (C) - West,24210,Manningham (C),Victoria
3109,Donvale,24214,Manningham (C) - West,24210,Manningham (C),Victoria
3109,Doncaster East,24214,Manningham (C) - West,24210,Manningham (C),Victoria
3109,Doncaster Heights,24214,Manningham (C) - West,24210,Manningham (C),Victoria
3109,E.Doncaster,24214,Manningham (C) - West,24210,Manningham (C),Victoria
3109,Tunstall Square,24214,Manningham (C) - West,24210,Manningham (C),Victoria
3109,Beverley Hills,24214,Manningham (C) - West,24210,Manningham (C),Victoria
3109,The Pines,24214,Manningham (C) - West,24210,Manningham (C),Victoria
3111,Donvale,24214,Manningham (C) - West,24210,Manningham (C),Victoria
3113,N.Warrandyte,25713,Nillumbik (S) - South,25710,Nillumbik (S),Victoria
3113,Nth Warrandyte,25713,Nillumbik (S) - South,25710,Nillumbik (S),Victoria
3113,North Warrandyte,25713,Nillumbik (S) - South,25710,Nillumbik (S),Victoria
3113,Warrandyte West,24211,Manningham (C) - East,24210,Manningham (C),Victoria
3113,Nth.Warrandyte,25713,Nillumbik (S) - South,25710,Nillumbik (S),Victoria
3113,N Warrandyte,25713,Nillumbik (S) - South,25710,Nillumbik (S),Victoria
3113,Warrandyte,24211,Manningham (C) - East,24210,Manningham (C),Victoria
3113,Warrandyte Nth,25713,Nillumbik (S) - South,25710,Nillumbik (S),Victoria
3113,Warrandyte North,25713,Nillumbik (S) - South,25710,Nillumbik (S),Victoria
3113,Pound Bend,24211,Manningham (C) - East,24210,Manningham (C),Victoria
3114,Park Orchards,24211,Manningham (C) - East,24210,Manningham (C),Victoria
3115,Wonga Park,24211,Manningham (C) - East,24210,Manningham (C),Victoria
3116,Chirnside Park,27453,Yarra Ranges (S) - Lilydale,27450,Yarra Ranges (S),Victoria
3121,Richmond North,27352,Yarra (C) - Richmond,27350,Yarra (C),Victoria
3121,Burnley North,27352,Yarra (C) - Richmond,27350,Yarra (C),Victoria
3121,Richmond West,27352,Yarra (C) - Richmond,27350,Yarra (C),Victoria
3121,North Richmond,27352,Yarra (C) - Richmond,27350,Yarra (C),Victoria
3121,Burnley,27352,Yarra (C) - Richmond,27350,Yarra (C),Victoria
3121,Richmond,27352,Yarra (C) - Richmond,27350,Yarra (C),Victoria
3121,Richmond East,27352,Yarra (C) - Richmond,27350,Yarra (C),Victoria
3121,Nth Richmond,27352,Yarra (C) - Richmond,27350,Yarra (C),Victoria
3121,Richmond South,27352,Yarra (C) - Richmond,27350,Yarra (C),Victoria
3121,Richmond Sth,27352,Yarra (C) - Richmond,27350,Yarra (C),Victoria
3121,N.Richmond,27352,Yarra (C) - Richmond,27350,Yarra (C),Victoria
3121,Nth Burnley,27352,Yarra (C) - Richmond,27350,Yarra (C),Victoria
3121,E.Richmond,27352,Yarra (C) - Richmond,27350,Yarra (C),Victoria
3121,Cremorne,27352,Yarra (C) - Richmond,27350,Yarra (C),Victoria
3121,N.Burnley,27352,Yarra (C) - Richmond,27350,Yarra (C),Victoria
3121,Richmond Nth,27352,Yarra (C) - Richmond,27350,Yarra (C),Victoria
3121,South Richmond,27352,Yarra (C) - Richmond,27350,Yarra (C),Victoria
3121,East Richmond,27352,Yarra (C) - Richmond,27350,Yarra (C),Victoria
3121,West Richmond,27352,Yarra (C) - Richmond,27350,Yarra (C),Victoria
3121,S.Richmond,27352,Yarra (C) - Richmond,27350,Yarra (C),Victoria
3122,Auburn South,21113,Boroondara (C) - Hawthorn,21110,Boroondara (C),Victoria
3122,North Hawthorn,21113,Boroondara (C) - Hawthorn,21110,Boroondara (C),Victoria
3122,South Glenferrie,21113,Boroondara (C) - Hawthorn,21110,Boroondara (C),Victoria
3122,Hawthorn West,21113,Boroondara (C) - Hawthorn,21110,Boroondara (C),Victoria
3122,Nth.Hawthorn,21113,Boroondara (C) - Hawthorn,21110,Boroondara (C),Victoria
3122,Hawthorn North,21113,Boroondara (C) - Hawthorn,21110,Boroondara (C),Victoria
3122,Glenferrie,21113,Boroondara (C) - Hawthorn,21110,Boroondara (C),Victoria
3122,Hawthorn,21113,Boroondara (C) - Hawthorn,21110,Boroondara (C),Victoria
3122,Glenferrie South,21113,Boroondara (C) - Hawthorn,21110,Boroondara (C),Victoria
3122,S.Auburn,21113,Boroondara (C) - Hawthorn,21110,Boroondara (C),Victoria
3122,West Hawthorn,21113,Boroondara (C) - Hawthorn,21110,Boroondara (C),Victoria
3122,Hawthorn Nth,21113,Boroondara (C) - Hawthorn,21110,Boroondara (C),Victoria
3122,South Auburn,21113,Boroondara (C) - Hawthorn,21110,Boroondara (C),Victoria
3123,Auburn South,21113,Boroondara (C) - Hawthorn,21110,Boroondara (C),Victoria
3123,Hawthorn Upper,21113,Boroondara (C) - Hawthorn,21110,Boroondara (C),Victoria
3123,Hawthorn South,21113,Boroondara (C) - Hawthorn,21110,Boroondara (C),Victoria
3123,E.Hawthorn,21113,Boroondara (C) - Hawthorn,21110,Boroondara (C),Victoria
3123,Auburn,21113,Boroondara (C) - Hawthorn,21110,Boroondara (C),Victoria
3123,South Auburn,21113,Boroondara (C) - Hawthorn,21110,Boroondara (C),Victoria
3123,East Hawthorn,21113,Boroondara (C) - Hawthorn,21110,Boroondara (C),Victoria
3123,Upper Hawthorn,21113,Boroondara (C) - Hawthorn,21110,Boroondara (C),Victoria
3123,Hawthorn East,21113,Boroondara (C) - Hawthorn,21110,Boroondara (C),Victoria
3124,South Camberwell,21112,Boroondara (C) - Camberwell S.,21110,Boroondara (C),Victoria
3124,East Camberwell,21112,Boroondara (C) - Camberwell S.,21110,Boroondara (C),Victoria
3124,Camberwell,21112,Boroondara (C) - Camberwell S.,21110,Boroondara (C),Victoria
3124,Camberwell South,21112,Boroondara (C) - Camberwell S.,21110,Boroondara (C),Victoria
3124,North Camberwell,21112,Boroondara (C) - Camberwell S.,21110,Boroondara (C),Victoria
3124,Camberwell Nth,21112,Boroondara (C) - Camberwell S.,21110,Boroondara (C),Victoria
3124,Middle Camberwell,21112,Boroondara (C) - Camberwell S.,21110,Boroondara (C),Victoria
3124,Surrey Hills South,21112,Boroondara (C) - Camberwell S.,21110,Boroondara (C),Victoria
3124,South Surrey Hills,21112,Boroondara (C) - Camberwell S.,21110,Boroondara (C),Victoria
3124,Camberwell Sth,21112,Boroondara (C) - Camberwell S.,21110,Boroondara (C),Victoria
3124,Camberwell North,21112,Boroondara (C) - Camberwell S.,21110,Boroondara (C),Victoria
3124,Sth.Camberwell,21112,Boroondara (C) - Camberwell S.,21110,Boroondara (C),Victoria
3124,Hartwell,21112,Boroondara (C) - Camberwell S.,21110,Boroondara (C),Victoria
3124,Camberwell Junction,21112,Boroondara (C) - Camberwell S.,21110,Boroondara (C),Victoria
3124,Willison,21112,Boroondara (C) - Camberwell S.,21110,Boroondara (C),Victoria
3124,Riversdale,21112,Boroondara (C) - Camberwell S.,21110,Boroondara (C),Victoria
3124,Camberwell West,21112,Boroondara (C) - Camberwell S.,21110,Boroondara (C),Victoria
3124,Sth Camberwell,21112,Boroondara (C) - Camberwell S.,21110,Boroondara (C),Victoria
3125,Surrey Hills South,21112,Boroondara (C) - Camberwell S.,21110,Boroondara (C),Victoria
3125,Surrey Hills Sth,21112,Boroondara (C) - Camberwell S.,21110,Boroondara (C),Victoria
3125,Bennettswood,26981,Whitehorse (C) - Box Hill,26980,Whitehorse (C),Victoria
3125,Burwood,26981,Whitehorse (C) - Box Hill,26980,Whitehorse (C),Victoria
3126,Shenley,21111,Boroondara (C) - Camberwell N.,21110,Boroondara (C),Victoria
3126,Camberwell East,21112,Boroondara (C) - Camberwell S.,21110,Boroondara (C),Victoria
3126,Canterbury,21112,Boroondara (C) - Camberwell S.,21110,Boroondara (C),Victoria
3126,East Camberwell,21112,Boroondara (C) - Camberwell S.,21110,Boroondara (C),Victoria
3127,Mont Albert,26981,Whitehorse (C) - Box Hill,26980,Whitehorse (C),Victoria
3127,North Surrey Hills,26981,Whitehorse (C) - Box Hill,26980,Whitehorse (C),Victoria
3127,Surrey Hills,26981,Whitehorse (C) - Box Hill,26980,Whitehorse (C),Victoria
3127,Surrey Hills North,26981,Whitehorse (C) - Box Hill,26980,Whitehorse (C),Victoria
3127,Chatham,21111,Boroondara (C) - Camberwell N.,21110,Boroondara (C),Victoria
3127,Surrey Hills Nth,21111,Boroondara (C) - Camberwell N.,21110,Boroondara (C),Victoria
3127,N.Surrey Hills,21111,Boroondara (C) - Camberwell N.,21110,Boroondara (C),Victoria
3128,Box Hill Central,26981,Whitehorse (C) - Box Hill,26980,Whitehorse (C),Victoria
3128,Wattle Park,26981,Whitehorse (C) - Box Hill,26980,Whitehorse (C),Victoria
3128,Sth Box Hill,26981,Whitehorse (C) - Box Hill,26980,Whitehorse (C),Victoria
3128,Sth.Box Hill,26981,Whitehorse (C) - Box Hill,26980,Whitehorse (C),Victoria
3128,Box Hill,26981,Whitehorse (C) - Box Hill,26980,Whitehorse (C),Victoria
3128,Box Hill Sth,26981,Whitehorse (C) - Box Hill,26980,Whitehorse (C),Victoria
3128,Houston,26981,Whitehorse (C) - Box Hill,26980,Whitehorse (C),Victoria
3128,South Box Hill,26981,Whitehorse (C) - Box Hill,26980,Whitehorse (C),Victoria
3128,Box Hill South,26981,Whitehorse (C) - Box Hill,26980,Whitehorse (C),Victoria
3129,E.Balwyn,21111,Boroondara (C) - Camberwell N.,21110,Boroondara (C),Victoria
3129,Balwyn East,21111,Boroondara (C) - Camberwell N.,21110,Boroondara (C),Victoria
3129,East Balwyn,21111,Boroondara (C) - Camberwell N.,21110,Boroondara (C),Victoria
3129,Box Hill North,26981,Whitehorse (C) - Box Hill,26980,Whitehorse (C),Victoria
3129,North Mont Albert,26981,Whitehorse (C) - Box Hill,26980,Whitehorse (C),Victoria
3129,North Box Hill,26981,Whitehorse (C) - Box Hill,26980,Whitehorse (C),Victoria
3129,Box Hill,26981,Whitehorse (C) - Box Hill,26980,Whitehorse (C),Victoria
3129,N.Box Hill,26981,Whitehorse (C) - Box Hill,26980,Whitehorse (C),Victoria
3129,Kerrimuir,26981,Whitehorse (C) - Box Hill,26980,Whitehorse (C),Victoria
3129,Nth.Box Hill,26981,Whitehorse (C) - Box Hill,26980,Whitehorse (C),Victoria
3129,Nth Box Hill,26981,Whitehorse (C) - Box Hill,26980,Whitehorse (C),Victoria
3129,Nth Mont Albert,26981,Whitehorse (C) - Box Hill,26980,Whitehorse (C),Victoria
3129,N.Mont Albert,26981,Whitehorse (C) - Box Hill,26980,Whitehorse (C),Victoria
3129,Koonung,26981,Whitehorse (C) - Box Hill,26980,Whitehorse (C),Victoria
3129,Box Hill Nth,26981,Whitehorse (C) - Box Hill,26980,Whitehorse (C),Victoria
3129,Nth.Mont Albert,26981,Whitehorse (C) - Box Hill,26980,Whitehorse (C),Victoria
3129,Mont Albert Nth,26981,Whitehorse (C) - Box Hill,26980,Whitehorse (C),Victoria
3129,Mont Albert North,26981,Whitehorse (C) - Box Hill,26980,Whitehorse (C),Victoria
3130,Nth Blackburn,26985,Whitehorse (C) - Nunawading W.,26980,Whitehorse (C),Victoria
3130,Sth.Blackburn,26985,Whitehorse (C) - Nunawading W.,26980,Whitehorse (C),Victoria
3130,Blackburn,26985,Whitehorse (C) - Nunawading W.,26980,Whitehorse (C),Victoria
3130,Blackburn North,26985,Whitehorse (C) - Nunawading W.,26980,Whitehorse (C),Victoria
3130,Blackburn South,26985,Whitehorse (C) - Nunawading W.,26980,Whitehorse (C),Victoria
3130,Kinkuna,26985,Whitehorse (C) - Nunawading W.,26980,Whitehorse (C),Victoria
3130,North Blackburn,26985,Whitehorse (C) - Nunawading W.,26980,Whitehorse (C),Victoria
3130,South Blackburn,26985,Whitehorse (C) - Nunawading W.,26980,Whitehorse (C),Victoria
3130,S.Blackburn,26985,Whitehorse (C) - Nunawading W.,26980,Whitehorse (C),Victoria
3130,Blackburn Sth,26985,Whitehorse (C) - Nunawading W.,26980,Whitehorse (C),Victoria
3130,Nth.Blackburn,26985,Whitehorse (C) - Nunawading W.,26980,Whitehorse (C),Victoria
3130,N.Blackburn,26985,Whitehorse (C) - Nunawading W.,26980,Whitehorse (C),Victoria
3130,Sth Blackburn,26985,Whitehorse (C) - Nunawading W.,26980,Whitehorse (C),Victoria
3130,Laburnum,26985,Whitehorse (C) - Nunawading W.,26980,Whitehorse (C),Victoria
3130,Blackburn Nth,26985,Whitehorse (C) - Nunawading W.,26980,Whitehorse (C),Victoria
3131,Parkmore,26984,Whitehorse (C) - Nunawading E.,26980,Whitehorse (C),Victoria
3131,Tunstall,26985,Whitehorse (C) - Nunawading W.,26980,Whitehorse (C),Victoria
3131,Forest Hill,26985,Whitehorse (C) - Nunawading W.,26980,Whitehorse (C),Victoria
3131,Brentford Square,26984,Whitehorse (C) - Nunawading E.,26980,Whitehorse (C),Victoria
3131,Nunawading,26984,Whitehorse (C) - Nunawading E.,26980,Whitehorse (C),Victoria
3131,Mitcham,26984,Whitehorse (C) - Nunawading E.,26980,Whitehorse (C),Victoria
3132,Heatherdale,26984,Whitehorse (C) - Nunawading E.,26980,Whitehorse (C),Victoria
3132,Mitcham Nth,26984,Whitehorse (C) - Nunawading E.,26980,Whitehorse (C),Victoria
3132,Rangeview,26984,Whitehorse (C) - Nunawading E.,26980,Whitehorse (C),Victoria
3132,Mitcham North,26984,Whitehorse (C) - Nunawading E.,26980,Whitehorse (C),Victoria
3132,Mitcham,26984,Whitehorse (C) - Nunawading E.,26980,Whitehorse (C),Victoria
3132,North Mitcham,26984,Whitehorse (C) - Nunawading E.,26980,Whitehorse (C),Victoria
3133,S.Vermont,26984,Whitehorse (C) - Nunawading E.,26980,Whitehorse (C),Victoria
3133,Vermont Sth,26984,Whitehorse (C) - Nunawading E.,26980,Whitehorse (C),Victoria
3133,Verwood Estate,26984,Whitehorse (C) - Nunawading E.,26980,Whitehorse (C),Victoria
3133,E.Vermont,26984,Whitehorse (C) - Nunawading E.,26980,Whitehorse (C),Victoria
3133,Sth Vermont,26984,Whitehorse (C) - Nunawading E.,26980,Whitehorse (C),Victoria
3133,Vermont East,26984,Whitehorse (C) - Nunawading E.,26980,Whitehorse (C),Victoria
3133,East Vermont,26984,Whitehorse (C) - Nunawading E.,26980,Whitehorse (C),Victoria
3133,Vermont South,26984,Whitehorse (C) - Nunawading E.,26980,Whitehorse (C),Victoria
3133,Sth.Vermont,26984,Whitehorse (C) - Nunawading E.,26980,Whitehorse (C),Victoria
3133,South Vermont,26984,Whitehorse (C) - Nunawading E.,26980,Whitehorse (C),Victoria
3133,Vermont,26984,Whitehorse (C) - Nunawading E.,26980,Whitehorse (C),Victoria
3134,Norwood,24412,Maroondah (C) - Ringwood,24410,Maroondah (C),Victoria
3134,Heathwood,24412,Maroondah (C) - Ringwood,24410,Maroondah (C),Victoria
3134,Warrandyte,24211,Manningham (C) - East,24210,Manningham (C),Victoria
3134,Ringwood Nth,24412,Maroondah (C) - Ringwood,24410,Maroondah (C),Victoria
3134,Ringwood Heights,24412,Maroondah (C) - Ringwood,24410,Maroondah (C),Victoria
3134,N.Ringwood,24412,Maroondah (C) - Ringwood,24410,Maroondah (C),Victoria
3134,Warrandyte South,24211,Manningham (C) - East,24210,Manningham (C),Victoria
3134,South Warrandyte,24211,Manningham (C) - East,24210,Manningham (C),Victoria
3134,Cherrydene,24211,Manningham (C) - East,24210,Manningham (C),Victoria
3134,Nth.Ringwood,24412,Maroondah (C) - Ringwood,24410,Maroondah (C),Victoria
3134,S.Warrandyte,24411,Maroondah (C) - Croydon,24410,Maroondah (C),Victoria
3134,Nth Ringwood,24412,Maroondah (C) - Ringwood,24410,Maroondah (C),Victoria
3134,Ringwood,24412,Maroondah (C) - Ringwood,24410,Maroondah (C),Victoria
3134,Sth Warrandyte,24411,Maroondah (C) - Croydon,24410,Maroondah (C),Victoria
3134,Warrandyte Sth,24411,Maroondah (C) - Croydon,24410,Maroondah (C),Victoria
3134,North Ringwood,24412,Maroondah (C) - Ringwood,24410,Maroondah (C),Victoria
3134,Warranwood,24411,Maroondah (C) - Croydon,24410,Maroondah (C),Victoria
3134,Ringwood North,24412,Maroondah (C) - Ringwood,24410,Maroondah (C),Victoria
3135,Eastwood,24412,Maroondah (C) - Ringwood,24410,Maroondah (C),Victoria
3135,Heathmont,24412,Maroondah (C) - Ringwood,24410,Maroondah (C),Victoria
3135,Ringwood East,24412,Maroondah (C) - Ringwood,24410,Maroondah (C),Victoria
3135,Ringwood,24412,Maroondah (C) - Ringwood,24410,Maroondah (C),Victoria
3135,East Ringwood,24412,Maroondah (C) - Ringwood,24410,Maroondah (C),Victoria
3135,E.Ringwood,24412,Maroondah (C) - Ringwood,24410,Maroondah (C),Victoria
3136,Nth Croydon,24411,Maroondah (C) - Croydon,24410,Maroondah (C),Victoria
3136,Croydon Nth,24411,Maroondah (C) - Croydon,24410,Maroondah (C),Victoria
3136,N.Croydon,24411,Maroondah (C) - Croydon,24410,Maroondah (C),Victoria
3136,Croydon West,24411,Maroondah (C) - Croydon,24410,Maroondah (C),Victoria
3136,Sth Croydon,24411,Maroondah (C) - Croydon,24410,Maroondah (C),Victoria
3136,Sth.Croydon,24411,Maroondah (C) - Croydon,24410,Maroondah (C),Victoria
3136,East Croydon,24411,Maroondah (C) - Croydon,24410,Maroondah (C),Victoria
3136,Nth.Croydon,24411,Maroondah (C) - Croydon,24410,Maroondah (C),Victoria
3136,West Croydon,24411,Maroondah (C) - Croydon,24410,Maroondah (C),Victoria
3136,Croydon Sth,24411,Maroondah (C) - Croydon,24410,Maroondah (C),Victoria
3136,Croydon East,24411,Maroondah (C) - Croydon,24410,Maroondah (C),Victoria
3136,Croydon,24411,Maroondah (C) - Croydon,24410,Maroondah (C),Victoria
3136,South Croydon,24411,Maroondah (C) - Croydon,24410,Maroondah (C),Victoria
3136,North Croydon,24411,Maroondah (C) - Croydon,24410,Maroondah (C),Victoria
3136,Croydon South,24411,Maroondah (C) - Croydon,24410,Maroondah (C),Victoria
3136,Croydon North,24411,Maroondah (C) - Croydon,24410,Maroondah (C),Victoria
3136,Croydon Hills,24411,Maroondah (C) - Croydon,24410,Maroondah (C),Victoria
3136,Rugby,24411,Maroondah (C) - Croydon,24410,Maroondah (C),Victoria
3136,Burnt Bridge,24412,Maroondah (C) - Ringwood,24410,Maroondah (C),Victoria
3136,Nelsons Hill,24411,Maroondah (C) - Croydon,24410,Maroondah (C),Victoria
3137,Kilsyth South,24411,Maroondah (C) - Croydon,24410,Maroondah (C),Victoria
3137,South Kilsyth,24411,Maroondah (C) - Croydon,24410,Maroondah (C),Victoria
3137,Sth.Kilsyth,24411,Maroondah (C) - Croydon,24410,Maroondah (C),Victoria
3137,Kilsyth Sth,24411,Maroondah (C) - Croydon,24410,Maroondah (C),Victoria
3137,Sth Kilsyth,24411,Maroondah (C) - Croydon,24410,Maroondah (C),Victoria
3137,Kilsyth,27453,Yarra Ranges (S) - Lilydale,27450,Yarra Ranges (S),Victoria
3138,Mooroolbark,27453,Yarra Ranges (S) - Lilydale,27450,Yarra Ranges (S),Victoria
3139,Killara,27456,Yarra Ranges (S) - Seville,27450,Yarra Ranges (S),Victoria
3139,Wandin North,27456,Yarra Ranges (S) - Seville,27450,Yarra Ranges (S),Victoria
3139,East Wandin,27456,Yarra Ranges (S) - Seville,27450,Yarra Ranges (S),Victoria
3139,North Wandin,27456,Yarra Ranges (S) - Seville,27450,Yarra Ranges (S),Victoria
3139,Seville,27456,Yarra Ranges (S) - Seville,27450,Yarra Ranges (S),Victoria
3139,Seville East,27456,Yarra Ranges (S) - Seville,27450,Yarra Ranges (S),Victoria
3139,E.Wandin,27451,Yarra Ranges (S) - Central,27450,Yarra Ranges (S),Victoria
3139,East Seville,27456,Yarra Ranges (S) - Seville,27450,Yarra Ranges (S),Victoria
3139,Nth Wandin,27451,Yarra Ranges (S) - Central,27450,Yarra Ranges (S),Victoria
3139,Wandin East,27456,Yarra Ranges (S) - Seville,27450,Yarra Ranges (S),Victoria
3139,Wandin Yallock,27451,Yarra Ranges (S) - Central,27450,Yarra Ranges (S),Victoria
3139,Wandin,27456,Yarra Ranges (S) - Seville,27450,Yarra Ranges (S),Victoria
3139,Warburton West,27451,Yarra Ranges (S) - Central,27450,Yarra Ranges (S),Victoria
3139,West Warburton,27451,Yarra Ranges (S) - Central,27450,Yarra Ranges (S),Victoria
3139,Wandin Nth,27451,Yarra Ranges (S) - Central,27450,Yarra Ranges (S),Victoria
3139,Launching Place,27451,Yarra Ranges (S) - Central,27450,Yarra Ranges (S),Victoria
3139,Yellingbo,27451,Yarra Ranges (S) - Central,27450,Yarra Ranges (S),Victoria
3139,Woori Yallock,27451,Yarra Ranges (S) - Central,27450,Yarra Ranges (S),Victoria
3139,Hoddles Creek,27451,Yarra Ranges (S) - Central,27450,Yarra Ranges (S),Victoria
3139,Don Valley,27451,Yarra Ranges (S) - Central,27450,Yarra Ranges (S),Victoria
3139,Beenak,27451,Yarra Ranges (S) - Central,27450,Yarra Ranges (S),Victoria
3139,Donvalley,27451,Yarra Ranges (S) - Central,27450,Yarra Ranges (S),Victoria
3139,E.Seville,27451,Yarra Ranges (S) - Central,27450,Yarra Ranges (S),Victoria
3140,Lilydale,27453,Yarra Ranges (S) - Lilydale,27450,Yarra Ranges (S),Victoria
3140,Black Springs,27453,Yarra Ranges (S) - Lilydale,27450,Yarra Ranges (S),Victoria
3141,Sth Yarra,26351,Stonnington (C) - Prahran,26350,Stonnington (C),Victoria
3141,Chapel Street North,26351,Stonnington (C) - Prahran,26350,Stonnington (C),Victoria
3141,Yarra Sth,26351,Stonnington (C) - Prahran,26350,Stonnington (C),Victoria
3141,Domain,26351,Stonnington (C) - Prahran,26350,Stonnington (C),Victoria
3141,Sth.Yarra,26351,Stonnington (C) - Prahran,26350,Stonnington (C),Victoria
3141,S Yarra,26351,Stonnington (C) - Prahran,26350,Stonnington (C),Victoria
3141,South Yarra,26351,Stonnington (C) - Prahran,26350,Stonnington (C),Victoria
3141,Yarra South,26351,Stonnington (C) - Prahran,26350,Stonnington (C),Victoria
3141,S.Yarra,26351,Stonnington (C) - Prahran,26350,Stonnington (C),Victoria
3141,Hawksburn,26351,Stonnington (C) - Prahran,26350,Stonnington (C),Victoria
3142,Hawksburn,26351,Stonnington (C) - Prahran,26350,Stonnington (C),Victoria
3142,Toorak,26351,Stonnington (C) - Prahran,26350,Stonnington (C),Victoria
3143,Sth.Darling,26352,Stonnington (C) - Malvern,26350,Stonnington (C),Victoria
3143,Armadale North,26351,Stonnington (C) - Prahran,26350,Stonnington (C),Victoria
3143,North Armadale,26351,Stonnington (C) - Prahran,26350,Stonnington (C),Victoria
3143,Armadale,26351,Stonnington (C) - Prahran,26350,Stonnington (C),Victoria
3143,Armadale Nth,26352,Stonnington (C) - Malvern,26350,Stonnington (C),Victoria
3143,Nth.Armadale,26352,Stonnington (C) - Malvern,26350,Stonnington (C),Victoria
3144,Kooyong,26352,Stonnington (C) - Malvern,26350,Stonnington (C),Victoria
3144,Malvern,26352,Stonnington (C) - Malvern,26350,Stonnington (C),Victoria
3144,Nth.Malvern,26352,Stonnington (C) - Malvern,26350,Stonnington (C),Victoria
3144,Malvern Nth,26352,Stonnington (C) - Malvern,26350,Stonnington (C),Victoria
3144,Malvern North,26352,Stonnington (C) - Malvern,26350,Stonnington (C),Victoria
3145,East Malvern,26352,Stonnington (C) - Malvern,26350,Stonnington (C),Victoria
3145,Darling South,26352,Stonnington (C) - Malvern,26350,Stonnington (C),Victoria
3145,E.Malvern,26352,Stonnington (C) - Malvern,26350,Stonnington (C),Victoria
3145,Darling,26352,Stonnington (C) - Malvern,26350,Stonnington (C),Victoria
3145,Holmesglen,26352,Stonnington (C) - Malvern,26350,Stonnington (C),Victoria
3145,Caulfield,22311,Glen Eira (C) - Caulfield,22310,Glen Eira (C),Victoria
3145,Central Park,26352,Stonnington (C) - Malvern,26350,Stonnington (C),Victoria
3145,Sth.Darling,26352,Stonnington (C) - Malvern,26350,Stonnington (C),Victoria
3145,Caulfield East,22311,Glen Eira (C) - Caulfield,22310,Glen Eira (C),Victoria
3145,Malvern East,26352,Stonnington (C) - Malvern,26350,Stonnington (C),Victoria
3145,East Caulfield,22311,Glen Eira (C) - Caulfield,22310,Glen Eira (C),Victoria
3145,South Darling,26352,Stonnington (C) - Malvern,26350,Stonnington (C),Victoria
3146,Glen Iris,21112,Boroondara (C) - Camberwell S.,21110,Boroondara (C),Victoria
3146,Tooronga,26352,Stonnington (C) - Malvern,26350,Stonnington (C),Victoria
3146,Gardiner,26352,Stonnington (C) - Malvern,26350,Stonnington (C),Victoria
3146,Glen Iris Upper,21112,Boroondara (C) - Camberwell S.,21110,Boroondara (C),Victoria
3147,Alamein,21112,Boroondara (C) - Camberwell S.,21110,Boroondara (C),Victoria
3147,Solway,21112,Boroondara (C) - Camberwell S.,21110,Boroondara (C),Victoria
3147,Stocksville,24975,Monash (C) - Waverley West,24970,Monash (C),Victoria
3147,Ashburton,21112,Boroondara (C) - Camberwell S.,21110,Boroondara (C),Victoria
3147,Ashwood,24975,Monash (C) - Waverley West,24970,Monash (C),Victoria
3148,Sth.Jordanville,24975,Monash (C) - Waverley West,24970,Monash (C),Victoria
3148,Chadstone,24975,Monash (C) - Waverley West,24970,Monash (C),Victoria
3148,E.Malvern,26352,Stonnington (C) - Malvern,26350,Stonnington (C),Victoria
3148,Malvern East,26352,Stonnington (C) - Malvern,26350,Stonnington (C),Victoria
3148,Chadstone Centre,26352,Stonnington (C) - Malvern,26350,Stonnington (C),Victoria
3148,East Malvern,26352,Stonnington (C) - Malvern,26350,Stonnington (C),Victoria
3148,Holmesglen,26352,Stonnington (C) - Malvern,26350,Stonnington (C),Victoria
3148,Jordanville South,24975,Monash (C) - Waverley West,24970,Monash (C),Victoria
3148,Jordanville,24975,Monash (C) - Waverley West,24970,Monash (C),Victoria
3149,Mount Waverley,24975,Monash (C) - Waverley West,24970,Monash (C),Victoria
3149,Syndal,24975,Monash (C) - Waverley West,24970,Monash (C),Victoria
3149,Mt Waverley,24975,Monash (C) - Waverley West,24970,Monash (C),Victoria
3149,Tally Ho,24975,Monash (C) - Waverley West,24970,Monash (C),Victoria
3149,Mt.Waverley,24975,Monash (C) - Waverley West,24970,Monash (C),Victoria
3149,Pinewood,24975,Monash (C) - Waverley West,24970,Monash (C),Victoria
3149,Bayview,24975,Monash (C) - Waverley West,24970,Monash (C),Victoria
3149,Mt. Waverley,24975,Monash (C) - Waverley West,24970,Monash (C),Victoria
3150,Brandon Park,24975,Monash (C) - Waverley West,24970,Monash (C),Victoria
3150,Syndal East,24975,Monash (C) - Waverley West,24970,Monash (C),Victoria
3150,E.Syndal,24975,Monash (C) - Waverley West,24970,Monash (C),Victoria
3150,Syndal,24975,Monash (C) - Waverley West,24970,Monash (C),Victoria
3150,Wheelers Hill,24974,Monash (C) - Waverley East,24970,Monash (C),Victoria
3150,Glen Waverley,24975,Monash (C) - Waverley West,24970,Monash (C),Victoria
3151,E.Burwood,26985,Whitehorse (C) - Nunawading W.,26980,Whitehorse (C),Victoria
3151,East Burwood,26985,Whitehorse (C) - Nunawading W.,26980,Whitehorse (C),Victoria
3151,Burwood East,26985,Whitehorse (C) - Nunawading W.,26980,Whitehorse (C),Victoria
3151,Burwood Heights,26985,Whitehorse (C) - Nunawading W.,26980,Whitehorse (C),Victoria
3152,Wantirna,23673,Knox (C) - North-West,23670,Knox (C),Victoria
3152,Studfield,23673,Knox (C) - North-West,23670,Knox (C),Victoria
3152,Sth.Wantirna,23673,Knox (C) - North-West,23670,Knox (C),Victoria
3152,S.Wantirna,23673,Knox (C) - North-West,23670,Knox (C),Victoria
3152,Sth Wantirna,23673,Knox (C) - North-West,23670,Knox (C),Victoria
3152,Knox City Centre,23673,Knox (C) - North-West,23670,Knox (C),Victoria
3152,Wantirna South,23673,Knox (C) - North-West,23670,Knox (C),Victoria
3152,South Wantirna,23673,Knox (C) - North-West,23670,Knox (C),Victoria
3152,Wantirna Sth,23673,Knox (C) - North-West,23670,Knox (C),Victoria
3153,Bayswater,23672,Knox (C) - North-East,23670,Knox (C),Victoria
3153,Bayswater North,24411,Maroondah (C) - Croydon,24410,Maroondah (C),Victoria
3153,Nth Bayswater,24411,Maroondah (C) - Croydon,24410,Maroondah (C),Victoria
3153,N.Bayswater,24411,Maroondah (C) - Croydon,24410,Maroondah (C),Victoria
3153,Bayswater Nth,24411,Maroondah (C) - Croydon,24410,Maroondah (C),Victoria
3153,Nth.Bayswater,24411,Maroondah (C) - Croydon,24410,Maroondah (C),Victoria
3153,North Bayswater,24411,Maroondah (C) - Croydon,24410,Maroondah (C),Victoria
3154,The Basin,23672,Knox (C) - North-East,23670,Knox (C),Victoria
3155,Boronia,23672,Knox (C) - North-East,23670,Knox (C),Victoria
3155,Boronia West,23672,Knox (C) - North-East,23670,Knox (C),Victoria
3155,Boronia Heights,23672,Knox (C) - North-East,23670,Knox (C),Victoria
3155,West Boronia,23672,Knox (C) - North-East,23670,Knox (C),Victoria
3156,Sth Lysterfield,21616,Casey (C) - Hallam,21610,Casey (C),Victoria
3156,Lysterfield Sth,21616,Casey (C) - Hallam,21610,Casey (C),Victoria
3156,South Lysterfield,21616,Casey (C) - Hallam,21610,Casey (C),Victoria
3156,Lysterfield South,21616,Casey (C) - Hallam,21610,Casey (C),Victoria
3156,Ferntree Gully,23672,Knox (C) - North-East,23670,Knox (C),Victoria
3156,Mountain Gate,23672,Knox (C) - North-East,23670,Knox (C),Victoria
3156,Upper Ferntree Gully,23672,Knox (C) - North-East,23670,Knox (C),Victoria
3156,Ferntree Gully Upper,23672,Knox (C) - North-East,23670,Knox (C),Victoria
3156,Lysterfield,23674,Knox (C) - South,23670,Knox (C),Victoria
3158,Upwey,27452,Yarra Ranges (S) - Dandenongs,27450,Yarra Ranges (S),Victoria
3159,Aura,21452,Cardinia (S) - North,21450,Cardinia (S),Victoria
3159,Selby,27452,Yarra Ranges (S) - Dandenongs,27450,Yarra Ranges (S),Victoria
3159,Menzies Creek,27452,Yarra Ranges (S) - Dandenongs,27450,Yarra Ranges (S),Victoria
3160,Belgrave Sth,27452,Yarra Ranges (S) - Dandenongs,27450,Yarra Ranges (S),Victoria
3160,Belgrave Heights,27452,Yarra Ranges (S) - Dandenongs,27450,Yarra Ranges (S),Victoria
3160,Tecoma,27452,Yarra Ranges (S) - Dandenongs,27450,Yarra Ranges (S),Victoria
3160,Belgrave,27452,Yarra Ranges (S) - Dandenongs,27450,Yarra Ranges (S),Victoria
3160,South Belgrave,27452,Yarra Ranges (S) - Dandenongs,27450,Yarra Ranges (S),Victoria
3160,Sth Belgrave,27452,Yarra Ranges (S) - Dandenongs,27450,Yarra Ranges (S),Victoria
3160,Belgrave South,27452,Yarra Ranges (S) - Dandenongs,27450,Yarra Ranges (S),Victoria
3161,Caulfield Junction,22311,Glen Eira (C) - Caulfield,22310,Glen Eira (C),Victoria
3161,Caulfield,22311,Glen Eira (C) - Caulfield,22310,Glen Eira (C),Victoria
3161,North Caulfield,22311,Glen Eira (C) - Caulfield,22310,Glen Eira (C),Victoria
3161,Caulfield North,22311,Glen Eira (C) - Caulfield,22310,Glen Eira (C),Victoria
3161,Nth Caulfield,22311,Glen Eira (C) - Caulfield,22310,Glen Eira (C),Victoria
3161,Nth.Caulfield,22311,Glen Eira (C) - Caulfield,22310,Glen Eira (C),Victoria
3161,N.Caulfield,22311,Glen Eira (C) - Caulfield,22310,Glen Eira (C),Victoria
3161,Caulfield Nth,22311,Glen Eira (C) - Caulfield,22310,Glen Eira (C),Victoria
3161,Crimea,22311,Glen Eira (C) - Caulfield,22310,Glen Eira (C),Victoria
3162,Caulfield,22311,Glen Eira (C) - Caulfield,22310,Glen Eira (C),Victoria
3162,Caulfield Sth,22311,Glen Eira (C) - Caulfield,22310,Glen Eira (C),Victoria
3162,Sth Caulfield,22311,Glen Eira (C) - Caulfield,22310,Glen Eira (C),Victoria
3162,South Caulfield,22311,Glen Eira (C) - Caulfield,22310,Glen Eira (C),Victoria
3162,Caulfield South,22311,Glen Eira (C) - Caulfield,22310,Glen Eira (C),Victoria
3162,Sth.Caulfield,22311,Glen Eira (C) - Caulfield,22310,Glen Eira (C),Victoria
3163,Carnegie North,22311,Glen Eira (C) - Caulfield,22310,Glen Eira (C),Victoria
3163,Glenhuntly,22311,Glen Eira (C) - Caulfield,22310,Glen Eira (C),Victoria
3163,Beauville,22311,Glen Eira (C) - Caulfield,22310,Glen Eira (C),Victoria
3163,Glen Huntly,22311,Glen Eira (C) - Caulfield,22310,Glen Eira (C),Victoria
3163,Murrumbeena,22311,Glen Eira (C) - Caulfield,22310,Glen Eira (C),Victoria
3163,Carnegie,22311,Glen Eira (C) - Caulfield,22310,Glen Eira (C),Victoria
3165,E.Bentleigh,22314,Glen Eira (C) - South,22310,Glen Eira (C),Victoria
3165,Moorleigh,22314,Glen Eira (C) - South,22310,Glen Eira (C),Victoria
3165,Coatesville,22314,Glen Eira (C) - South,22310,Glen Eira (C),Victoria
3165,Bentleigh East,22314,Glen Eira (C) - South,22310,Glen Eira (C),Victoria
3165,Eastmoor,22314,Glen Eira (C) - South,22310,Glen Eira (C),Victoria
3165,East Bentleigh,22314,Glen Eira (C) - South,22310,Glen Eira (C),Victoria
3166,East Oakleigh,24971,Monash (C) - South-West,24970,Monash (C),Victoria
3166,Hughesdale,24971,Monash (C) - South-West,24970,Monash (C),Victoria
3166,Oakleigh,24971,Monash (C) - South-West,24970,Monash (C),Victoria
3166,Huntingdale,24971,Monash (C) - South-West,24970,Monash (C),Victoria
3166,Oakleigh East,24971,Monash (C) - South-West,24970,Monash (C),Victoria
3166,E.Oakleigh,24971,Monash (C) - South-West,24970,Monash (C),Victoria
3167,Sth.Oakleigh,22314,Glen Eira (C) - South,22310,Glen Eira (C),Victoria
3167,Moorleigh,24971,Monash (C) - South-West,24970,Monash (C),Victoria
3167,Oakleigh,24971,Monash (C) - South-West,24970,Monash (C),Victoria
3167,Sth Oakleigh,22314,Glen Eira (C) - South,22310,Glen Eira (C),Victoria
3167,Oakleigh Sth,22314,Glen Eira (C) - South,22310,Glen Eira (C),Victoria
3167,South Oakleigh,24971,Monash (C) - South-West,24970,Monash (C),Victoria
3167,Oakleigh South,24971,Monash (C) - South-West,24970,Monash (C),Victoria
3168,North Clayton,24971,Monash (C) - South-West,24970,Monash (C),Victoria
3168,Westerfield,24971,Monash (C) - South-West,24970,Monash (C),Victoria
3168,Clayton Nth,24971,Monash (C) - South-West,24970,Monash (C),Victoria
3168,Monash University,24971,Monash (C) - South-West,24970,Monash (C),Victoria
3168,Whitburn,24971,Monash (C) - South-West,24970,Monash (C),Victoria
3168,Clayton,24971,Monash (C) - South-West,24970,Monash (C),Victoria
3168,Clayton North,24971,Monash (C) - South-West,24970,Monash (C),Victoria
3168,Nth Clayton,24971,Monash (C) - South-West,24970,Monash (C),Victoria
3168,Notting Hill,24975,Monash (C) - Waverley West,24970,Monash (C),Victoria
3169,Westall,23431,Kingston (C) - North,23430,Kingston (C),Victoria
3169,Clayton Sth,23431,Kingston (C) - North,23430,Kingston (C),Victoria
3169,Sth.Clayton,23431,Kingston (C) - North,23430,Kingston (C),Victoria
3169,Sth Clayton,23431,Kingston (C) - North,23430,Kingston (C),Victoria
3169,S.Clayton,23431,Kingston (C) - North,23430,Kingston (C),Victoria
3169,South Clayton,23431,Kingston (C) - North,23430,Kingston (C),Victoria
3169,Clayton South,23431,Kingston (C) - North,23430,Kingston (C),Victoria
3169,Clayton,23431,Kingston (C) - North,23430,Kingston (C),Victoria
3169,Clarinda,23431,Kingston (C) - North,23430,Kingston (C),Victoria
3170,East Mulgrave,24974,Monash (C) - Waverley East,24970,Monash (C),Victoria
3170,Mulgrave East,24974,Monash (C) - Waverley East,24970,Monash (C),Victoria
3170,Valewood,24974,Monash (C) - Waverley East,24970,Monash (C),Victoria
3170,Brandon Park,24974,Monash (C) - Waverley East,24970,Monash (C),Victoria
3170,Waverley Gardens,24974,Monash (C) - Waverley East,24970,Monash (C),Victoria
3170,Mulgrave North,24974,Monash (C) - Waverley East,24970,Monash (C),Victoria
3170,Mulgrave,24974,Monash (C) - Waverley East,24970,Monash (C),Victoria
3170,Mulgrave Nth,24974,Monash (C) - Waverley East,24970,Monash (C),Victoria
3171,N.Springvale,22674,Gr. Dandenong (C) Bal,22670,Greater Dandenong (C),Victoria
3171,Nth Springvale,22674,Gr. Dandenong (C) Bal,22670,Greater Dandenong (C),Victoria
3171,North Springvale,22674,Gr. Dandenong (C) Bal,22670,Greater Dandenong (C),Victoria
3171,Springvale Nth,22674,Gr. Dandenong (C) Bal,22670,Greater Dandenong (C),Victoria
3171,Springvale North,22674,Gr. Dandenong (C) Bal,22670,Greater Dandenong (C),Victoria
3171,Springvale West,22674,Gr. Dandenong (C) Bal,22670,Greater Dandenong (C),Victoria
3171,Sandown Village,22674,Gr. Dandenong (C) Bal,22670,Greater Dandenong (C),Victoria
3171,Sandown Park,22674,Gr. Dandenong (C) Bal,22670,Greater Dandenong (C),Victoria
3171,Springvale,22674,Gr. Dandenong (C) Bal,22670,Greater Dandenong (C),Victoria
3172,Sth.Springvale,22674,Gr. Dandenong (C) Bal,22670,Greater Dandenong (C),Victoria
3172,Dingley,23431,Kingston (C) - North,23430,Kingston (C),Victoria
3172,Sth Springvale,22674,Gr. Dandenong (C) Bal,22670,Greater Dandenong (C),Victoria
3172,Springvale South,22674,Gr. Dandenong (C) Bal,22670,Greater Dandenong (C),Victoria
3172,Dingley Village,23431,Kingston (C) - North,23430,Kingston (C),Victoria
3172,South Springvale,22674,Gr. Dandenong (C) Bal,22670,Greater Dandenong (C),Victoria
3172,Springvale Sth,22674,Gr. Dandenong (C) Bal,22670,Greater Dandenong (C),Victoria
3173,Keysborough,22674,Gr. Dandenong (C) Bal,22670,Greater Dandenong (C),Victoria
3174,E.Noble Park,22674,Gr. Dandenong (C) Bal,22670,Greater Dandenong (C),Victoria
3174,Harrisfield,22674,Gr. Dandenong (C) Bal,22670,Greater Dandenong (C),Victoria
3174,North Noble Park,22671,Gr. Dandenong (C) - Dandenong,22670,Greater Dandenong (C),Victoria
3174,Nth Noble Park,22674,Gr. Dandenong (C) Bal,22670,Greater Dandenong (C),Victoria
3174,Noble Park East,22674,Gr. Dandenong (C) Bal,22670,Greater Dandenong (C),Victoria
3174,N.Noble Park,22674,Gr. Dandenong (C) Bal,22670,Greater Dandenong (C),Victoria
3174,Yarraman,22671,Gr. Dandenong (C) - Dandenong,22670,Greater Dandenong (C),Victoria
3174,Noble Park Nth,22674,Gr. Dandenong (C) Bal,22670,Greater Dandenong (C),Victoria
3174,Noble Park North,22671,Gr. Dandenong (C) - Dandenong,22670,Greater Dandenong (C),Victoria
3174,Nth.Noble Park,22674,Gr. Dandenong (C) Bal,22670,Greater Dandenong (C),Victoria
3174,East Noble Park,22674,Gr. Dandenong (C) Bal,22670,Greater Dandenong (C),Victoria
3174,Noble Park,22674,Gr. Dandenong (C) Bal,22670,Greater Dandenong (C),Victoria
3175,Dandenong,22671,Gr. Dandenong (C) - Dandenong,22670,Greater Dandenong (C),Victoria
3175,Nth Dandenong,22671,Gr. Dandenong (C) - Dandenong,22670,Greater Dandenong (C),Victoria
3175,South Dandenong,22671,Gr. Dandenong (C) - Dandenong,22670,Greater Dandenong (C),Victoria
3175,Sth Dandenong,22671,Gr. Dandenong (C) - Dandenong,22670,Greater Dandenong (C),Victoria
3175,N.Dandenong,22671,Gr. Dandenong (C) - Dandenong,22670,Greater Dandenong (C),Victoria
3175,Dandenong North,22671,Gr. Dandenong (C) - Dandenong,22670,Greater Dandenong (C),Victoria
3175,Bangholme,22674,Gr. Dandenong (C) Bal,22670,Greater Dandenong (C),Victoria
3175,North Dandenong,22671,Gr. Dandenong (C) - Dandenong,22670,Greater Dandenong (C),Victoria
3175,West Dandenong,22671,Gr. Dandenong (C) - Dandenong,22670,Greater Dandenong (C),Victoria
3175,Nth.Dandenong,22671,Gr. Dandenong (C) - Dandenong,22670,Greater Dandenong (C),Victoria
3175,Dandenong Sth,22671,Gr. Dandenong (C) - Dandenong,22670,Greater Dandenong (C),Victoria
3175,Dandenong East,22671,Gr. Dandenong (C) - Dandenong,22670,Greater Dandenong (C),Victoria
3175,Dandenong West,22671,Gr. Dandenong (C) - Dandenong,22670,Greater Dandenong (C),Victoria
3175,Dunearn,22671,Gr. Dandenong (C) - Dandenong,22670,Greater Dandenong (C),Victoria
3175,Dandenong Nth,22671,Gr. Dandenong (C) - Dandenong,22670,Greater Dandenong (C),Victoria
3175,East Dandenong,22671,Gr. Dandenong (C) - Dandenong,22670,Greater Dandenong (C),Victoria
3175,Dandenong South,22671,Gr. Dandenong (C) - Dandenong,22670,Greater Dandenong (C),Victoria
3175,Oakwood Park,22671,Gr. Dandenong (C) - Dandenong,22670,Greater Dandenong (C),Victoria
3177,Doveton West,21616,Casey (C) - Hallam,21610,Casey (C),Victoria
3177,Doveton North,21616,Casey (C) - Hallam,21610,Casey (C),Victoria
3177,Doveton Heights,21616,Casey (C) - Hallam,21610,Casey (C),Victoria
3177,Doveton,21616,Casey (C) - Hallam,21610,Casey (C),Victoria
3177,Eumemmerring,21616,Casey (C) - Hallam,21610,Casey (C),Victoria
3178,Rowville,23674,Knox (C) - South,23670,Knox (C),Victoria
3178,Lysterfield,23674,Knox (C) - South,23670,Knox (C),Victoria
3179,Scoresby,23673,Knox (C) - North-West,23670,Knox (C),Victoria
3180,Knoxfield,23673,Knox (C) - North-West,23670,Knox (C),Victoria
3180,Knox Park,23674,Knox (C) - South,23670,Knox (C),Victoria
3181,Prahran,26351,Stonnington (C) - Prahran,26350,Stonnington (C),Victoria
3181,Prahran East,26351,Stonnington (C) - Prahran,26350,Stonnington (C),Victoria
3181,Windsor,26351,Stonnington (C) - Prahran,26350,Stonnington (C),Victoria
3181,East Prahran,26351,Stonnington (C) - Prahran,26350,Stonnington (C),Victoria
3181,E.Prahran,26351,Stonnington (C) - Prahran,26350,Stonnington (C),Victoria
3182,South St Kilda,25901,Port Phillip (C) - St Kilda,25900,Port Phillip (C),Victoria
3182,West St. Kilda,25901,Port Phillip (C) - St Kilda,25900,Port Phillip (C),Victoria
3182,St.Kilda West,25901,Port Phillip (C) - St Kilda,25900,Port Phillip (C),Victoria
3182,West St.Kilda,25901,Port Phillip (C) - St Kilda,25900,Port Phillip (C),Victoria
3182,S.St Kilda,25901,Port Phillip (C) - St Kilda,25900,Port Phillip (C),Victoria
3182,St Kilda Junction,25901,Port Phillip (C) - St Kilda,25900,Port Phillip (C),Victoria
3182,St.Kilda Sth,25901,Port Phillip (C) - St Kilda,25900,Port Phillip (C),Victoria
3182,Saint Kilda West,25901,Port Phillip (C) - St Kilda,25900,Port Phillip (C),Victoria
3182,St Kilda,25901,Port Phillip (C) - St Kilda,25900,Port Phillip (C),Victoria
3182,St Kilda South,25901,Port Phillip (C) - St Kilda,25900,Port Phillip (C),Victoria
3182,S.Saint Kilda,25901,Port Phillip (C) - St Kilda,25900,Port Phillip (C),Victoria
3182,St Kilda West,25901,Port Phillip (C) - St Kilda,25900,Port Phillip (C),Victoria
3182,West Saint Kilda,25901,Port Phillip (C) - St Kilda,25900,Port Phillip (C),Victoria
3182,Saint Kilda,25901,Port Phillip (C) - St Kilda,25900,Port Phillip (C),Victoria
3182,St Kilda Sth,25901,Port Phillip (C) - St Kilda,25900,Port Phillip (C),Victoria
3182,S.St.Kilda,25901,Port Phillip (C) - St Kilda,25900,Port Phillip (C),Victoria
3182,Saint Kilda Sth,25901,Port Phillip (C) - St Kilda,25900,Port Phillip (C),Victoria
3182,St.Kilda,25901,Port Phillip (C) - St Kilda,25900,Port Phillip (C),Victoria
3182,Sth.St. Kilda,25901,Port Phillip (C) - St Kilda,25900,Port Phillip (C),Victoria
3182,St. Kilda West,25901,Port Phillip (C) - St Kilda,25900,Port Phillip (C),Victoria
3182,St.Kilda South,25901,Port Phillip (C) - St Kilda,25900,Port Phillip (C),Victoria
3182,Saint Kilda Junction,25901,Port Phillip (C) - St Kilda,25900,Port Phillip (C),Victoria
3182,St. Kilda,25901,Port Phillip (C) - St Kilda,25900,Port Phillip (C),Victoria
3182,West St Kilda,25901,Port Phillip (C) - St Kilda,25900,Port Phillip (C),Victoria
3183,Saint Kilda East,25901,Port Phillip (C) - St Kilda,25900,Port Phillip (C),Victoria
3183,St.Kilda East,25901,Port Phillip (C) - St Kilda,25900,Port Phillip (C),Victoria
3183,East St Kilda,25901,Port Phillip (C) - St Kilda,25900,Port Phillip (C),Victoria
3183,Balaclava,25901,Port Phillip (C) - St Kilda,25900,Port Phillip (C),Victoria
3183,St Kilda East,25901,Port Phillip (C) - St Kilda,25900,Port Phillip (C),Victoria
3183,E.St Kilda,25901,Port Phillip (C) - St Kilda,25900,Port Phillip (C),Victoria
3183,E.St.Kilda,25901,Port Phillip (C) - St Kilda,25900,Port Phillip (C),Victoria
3183,East St.Kilda,25901,Port Phillip (C) - St Kilda,25900,Port Phillip (C),Victoria
3183,East St. Kilda,25901,Port Phillip (C) - St Kilda,25900,Port Phillip (C),Victoria
3183,East Saint Kilda,25901,Port Phillip (C) - St Kilda,25900,Port Phillip (C),Victoria
3183,St Kilda,25901,Port Phillip (C) - St Kilda,25900,Port Phillip (C),Victoria
3183,E.St. Kilda,25901,Port Phillip (C) - St Kilda,25900,Port Phillip (C),Victoria
3183,E.Saint Kilda,25901,Port Phillip (C) - St Kilda,25900,Port Phillip (C),Victoria
3183,St. Kilda East,25901,Port Phillip (C) - St Kilda,25900,Port Phillip (C),Victoria
3184,Point Ormond,25901,Port Phillip (C) - St Kilda,25900,Port Phillip (C),Victoria
3184,Elwood,25901,Port Phillip (C) - St Kilda,25900,Port Phillip (C),Victoria
3184,Elwood Beach,25901,Port Phillip (C) - St Kilda,25900,Port Phillip (C),Victoria
3185,West Gardenvale,20911,Bayside (C) - Brighton,20910,Bayside (C),Victoria
3185,Ripponlea,25901,Port Phillip (C) - St Kilda,25900,Port Phillip (C),Victoria
3185,Gardenvale,22311,Glen Eira (C) - Caulfield,22310,Glen Eira (C),Victoria
3185,Elsternwick,22311,Glen Eira (C) - Caulfield,22310,Glen Eira (C),Victoria
3185,Gardenvale West,20911,Bayside (C) - Brighton,20910,Bayside (C),Victoria
3185,Hopetoun Gardens,22311,Glen Eira (C) - Caulfield,22310,Glen Eira (C),Victoria
3186,N.Brighton,20911,Bayside (C) - Brighton,20910,Bayside (C),Victoria
3186,North Brighton,20911,Bayside (C) - Brighton,20910,Bayside (C),Victoria
3186,N Brighton,20911,Bayside (C) - Brighton,20910,Bayside (C),Victoria
3186,Brighton Nth,20911,Bayside (C) - Brighton,20910,Bayside (C),Victoria
3186,Brighton Beach,20911,Bayside (C) - Brighton,20910,Bayside (C),Victoria
3186,Nth.Brighton,20911,Bayside (C) - Brighton,20910,Bayside (C),Victoria
3186,Dendy,20911,Bayside (C) - Brighton,20910,Bayside (C),Victoria
3186,Nth Brighton,20911,Bayside (C) - Brighton,20910,Bayside (C),Victoria
3186,Brighton,20911,Bayside (C) - Brighton,20910,Bayside (C),Victoria
3186,Middle Brighton,20911,Bayside (C) - Brighton,20910,Bayside (C),Victoria
3186,Brighton North,20911,Bayside (C) - Brighton,20910,Bayside (C),Victoria
3187,Brighton East,20911,Bayside (C) - Brighton,20910,Bayside (C),Victoria
3187,North Road,20911,Bayside (C) - Brighton,20910,Bayside (C),Victoria
3187,E.Brighton,20911,Bayside (C) - Brighton,20910,Bayside (C),Victoria
3187,Road Nth,20911,Bayside (C) - Brighton,20910,Bayside (C),Victoria
3187,East Brighton,20911,Bayside (C) - Brighton,20910,Bayside (C),Victoria
3188,North Hampton,20912,Bayside (C) - South,20910,Bayside (C),Victoria
3188,Hampton,20912,Bayside (C) - South,20910,Bayside (C),Victoria
3188,East Hampton,20912,Bayside (C) - South,20910,Bayside (C),Victoria
3188,Hampton East,20912,Bayside (C) - South,20910,Bayside (C),Victoria
3188,Moorabbin,20912,Bayside (C) - South,20910,Bayside (C),Victoria
3188,Castlefield,20912,Bayside (C) - South,20910,Bayside (C),Victoria
3188,Hampton North,20912,Bayside (C) - South,20910,Bayside (C),Victoria
3188,Hampton Nth,20912,Bayside (C) - South,20910,Bayside (C),Victoria
3188,Nth.Hampton,20912,Bayside (C) - South,20910,Bayside (C),Victoria
3189,Wishart,23431,Kingston (C) - North,23430,Kingston (C),Victoria
3189,East Moorabbin,23431,Kingston (C) - North,23430,Kingston (C),Victoria
3189,Moorabbin,23431,Kingston (C) - North,23430,Kingston (C),Victoria
3189,Patterson,22314,Glen Eira (C) - South,22310,Glen Eira (C),Victoria
3189,E.Moorabbin,23431,Kingston (C) - North,23430,Kingston (C),Victoria
3189,Moorabbin East,23431,Kingston (C) - North,23430,Kingston (C),Victoria
3190,Highett,20912,Bayside (C) - South,20910,Bayside (C),Victoria
3191,East Hampton,20912,Bayside (C) - South,20910,Bayside (C),Victoria
3191,Sandringham,20912,Bayside (C) - South,20910,Bayside (C),Victoria
3191,Hampton East,20912,Bayside (C) - South,20910,Bayside (C),Victoria
3192,Southland Centre,23431,Kingston (C) - North,23430,Kingston (C),Victoria
3192,Cheltenham,23431,Kingston (C) - North,23430,Kingston (C),Victoria
3192,Cheltenham Nth,23431,Kingston (C) - North,23430,Kingston (C),Victoria
3192,East Cheltenham,23431,Kingston (C) - North,23430,Kingston (C),Victoria
3192,Cheltenham East,23431,Kingston (C) - North,23430,Kingston (C),Victoria
3192,Cheltenham North,23431,Kingston (C) - North,23430,Kingston (C),Victoria
3192,North Cheltenham,23431,Kingston (C) - North,23430,Kingston (C),Victoria
3193,N.Black Rock,20912,Bayside (C) - South,20910,Bayside (C),Victoria
3193,Black Rock North,20912,Bayside (C) - South,20910,Bayside (C),Victoria
3193,Beaumaris,20912,Bayside (C) - South,20910,Bayside (C),Victoria
3193,Black Rock,20912,Bayside (C) - South,20910,Bayside (C),Victoria
3193,Ricketts Point,20912,Bayside (C) - South,20910,Bayside (C),Victoria
3193,North Black Rock,20912,Bayside (C) - South,20910,Bayside (C),Victoria
3193,Black Rock Nth,20912,Bayside (C) - South,20910,Bayside (C),Victoria
3193,Cromer,20912,Bayside (C) - South,20910,Bayside (C),Victoria
3193,Ricketts Pt.,20912,Bayside (C) - South,20910,Bayside (C),Victoria
3194,Charman,23431,Kingston (C) - North,23430,Kingston (C),Victoria
3194,Parkdale,23431,Kingston (C) - North,23430,Kingston (C),Victoria
3194,Mentone East,23431,Kingston (C) - North,23430,Kingston (C),Victoria
3194,Moorabbin Airport,23431,Kingston (C) - North,23430,Kingston (C),Victoria
3194,Mentone,23431,Kingston (C) - North,23430,Kingston (C),Victoria
3194,East Mentone,23431,Kingston (C) - North,23430,Kingston (C),Victoria
3195,Waterways,23431,Kingston (C) - North,23430,Kingston (C),Victoria
3195,Parkdale,23431,Kingston (C) - North,23430,Kingston (C),Victoria
3195,North Mordialloc,23431,Kingston (C) - North,23430,Kingston (C),Victoria
3195,Mordialloc West,23431,Kingston (C) - North,23430,Kingston (C),Victoria
3195,Mordialloc North,23431,Kingston (C) - North,23430,Kingston (C),Victoria
3195,Mordialloc,23431,Kingston (C) - North,23430,Kingston (C),Victoria
3195,Braeside,23431,Kingston (C) - North,23430,Kingston (C),Victoria
3195,Aspendale,23434,Kingston (C) - South,23430,Kingston (C),Victoria
3195,Aspendale Gardens,23434,Kingston (C) - South,23430,Kingston (C),Victoria
3195,Mordialloc Nth,23431,Kingston (C) - North,23430,Kingston (C),Victoria
3196,Bonbeach,23434,Kingston (C) - South,23430,Kingston (C),Victoria
3196,Chelsea,23434,Kingston (C) - South,23430,Kingston (C),Victoria
3196,Chelsea Heights,23434,Kingston (C) - South,23430,Kingston (C),Victoria
3196,Edithvale,23434,Kingston (C) - South,23430,Kingston (C),Victoria
3197,Carrum,23434,Kingston (C) - South,23430,Kingston (C),Victoria
3197,Patterson Lakes,23434,Kingston (C) - South,23430,Kingston (C),Victoria
3197,Carrum North,23434,Kingston (C) - South,23430,Kingston (C),Victoria
3198,Sth.Seaford,22174,Frankston (C) - West,22170,Frankston (C),Victoria
3198,S.Seaford,22174,Frankston (C) - West,22170,Frankston (C),Victoria
3198,Kananook,22174,Frankston (C) - West,22170,Frankston (C),Victoria
3198,Seaford Sth,22174,Frankston (C) - West,22170,Frankston (C),Victoria
3198,Seaford,22174,Frankston (C) - West,22170,Frankston (C),Victoria
3198,Seaford South,22174,Frankston (C) - West,22170,Frankston (C),Victoria
3199,Frankston South,22174,Frankston (C) - West,22170,Frankston (C),Victoria
3199,South Frankston,22174,Frankston (C) - West,22170,Frankston (C),Victoria
3199,Frankston East,22174,Frankston (C) - West,22170,Frankston (C),Victoria
3199,Frankston Sth,22174,Frankston (C) - West,22170,Frankston (C),Victoria
3199,Sth Frankston,22174,Frankston (C) - West,22170,Frankston (C),Victoria
3199,Frankston,22174,Frankston (C) - West,22170,Frankston (C),Victoria
3199,East Frankston,22174,Frankston (C) - West,22170,Frankston (C),Victoria
3199,Frankston Heights,22174,Frankston (C) - West,22170,Frankston (C),Victoria
3199,E.Frankston,22174,Frankston (C) - West,22170,Frankston (C),Victoria
3199,Olivers Hill,22174,Frankston (C) - West,22170,Frankston (C),Victoria
3199,Karingal,22174,Frankston (C) - West,22170,Frankston (C),Victoria
3199,Karingal Centre,22174,Frankston (C) - West,22170,Frankston (C),Victoria
3199,Long Island,22174,Frankston (C) - West,22170,Frankston (C),Victoria
3199,Baden Powell,22174,Frankston (C) - West,22170,Frankston (C),Victoria
3199,Sth.Frankston,22174,Frankston (C) - West,22170,Frankston (C),Victoria
3200,Frankston Nth,22174,Frankston (C) - West,22170,Frankston (C),Victoria
3200,N.Frankston,22174,Frankston (C) - West,22170,Frankston (C),Victoria
3200,Nth Frankston,22174,Frankston (C) - West,22170,Frankston (C),Victoria
3200,Frankston,22174,Frankston (C) - West,22170,Frankston (C),Victoria
3200,North Frankston,22174,Frankston (C) - West,22170,Frankston (C),Victoria
3200,Pines Forest,22174,Frankston (C) - West,22170,Frankston (C),Victoria
3200,Nth.Frankston,22174,Frankston (C) - West,22170,Frankston (C),Victoria
3200,Frankston North,22174,Frankston (C) - West,22170,Frankston (C),Victoria
